/home/salamat/fish_project/start_boat_system.sh: line 7: logs/boot.log: Permission denied
/home/salamat/fish_project/start_boat_system.sh: line 11: logs/flask.pid: Permission denied
/home/salamat/fish_project/start_boat_system.sh: line 10: logs/flask.log: Permission denied
/home/salamat/fish_project/start_boat_system.sh: line 19: logs/streamlit.pid: Permission denied
/home/salamat/fish_project/start_boat_system.sh: line 14: logs/streamlit.log: Permission denied
/home/salamat/fish_project/start_boat_system.sh: line 23: logs/pi.pid: Permission denied
/home/salamat/fish_project/start_boat_system.sh: line 22: logs/pi_main.log: Permission denied
/home/salamat/fish_project/start_boat_system.sh: line 25: logs/boot.log: Permission denied
/home/salamat/fish_project/start_boat_system.sh: line 7: logs/boot.log: Permission denied
/home/salamat/fish_project/start_boat_system.sh: line 11: logs/flask.pid: Permission denied
/home/salamat/fish_project/start_boat_system.sh: line 10: logs/flask.log: Permission denied
/home/salamat/fish_project/start_boat_system.sh: line 19: logs/streamlit.pid: Permission denied
/home/salamat/fish_project/start_boat_system.sh: line 14: logs/streamlit.log: Permission denied
/home/salamat/fish_project/start_boat_system.sh: line 23: logs/pi.pid: Permission denied
/home/salamat/fish_project/start_boat_system.sh: line 22: logs/pi_main.log: Permission denied
/home/salamat/fish_project/start_boat_system.sh: line 25: logs/boot.log: Permission denied
/home/salamat/fish_project/start_boat_system.sh: line 7: logs/boot.log: Permission denied
/home/salamat/fish_project/start_boat_system.sh: line 11: logs/flask.pid: Permission denied
/home/salamat/fish_project/start_boat_system.sh: line 19: logs/streamlit.pid: Permission denied
/home/salamat/fish_project/start_boat_system.sh: line 10: logs/flask.log: Permission denied
/home/salamat/fish_project/start_boat_system.sh: line 23: logs/pi.pid: Permission denied
/home/salamat/fish_project/start_boat_system.sh: line 22: logs/pi_main.log: Permission denied
/home/salamat/fish_project/start_boat_system.sh: line 14: logs/streamlit.log: Permission denied
/home/salamat/fish_project/start_boat_system.sh: line 25: logs/boot.log: Permission denied
/home/salamat/fish_project/start_boat_system.sh: line 7: logs/boot.log: Permission denied
/home/salamat/fish_project/start_boat_system.sh: line 11: logs/flask.pid: Permission denied
/home/salamat/fish_project/start_boat_system.sh: line 10: logs/flask.log: Permission denied
/home/salamat/fish_project/start_boat_system.sh: line 19: logs/streamlit.pid: Permission denied
/home/salamat/fish_project/start_boat_system.sh: line 14: logs/streamlit.log: Permission denied
/home/salamat/fish_project/start_boat_system.sh: line 23: logs/pi.pid: Permission denied
/home/salamat/fish_project/start_boat_system.sh: line 22: logs/pi_main.log: Permission denied
/home/salamat/fish_project/start_boat_system.sh: line 25: logs/boot.log: Permission denied
/home/salamat/fish_project/start_boat_system.sh: line 7: logs/boot.log: Permission denied
/home/salamat/fish_project/start_boat_system.sh: line 11: logs/flask.pid: Permission denied
/home/salamat/fish_project/start_boat_system.sh: line 10: logs/flask.log: Permission denied
/home/salamat/fish_project/start_boat_system.sh: line 19: logs/streamlit.pid: Permission denied
/home/salamat/fish_project/start_boat_system.sh: line 14: logs/streamlit.log: Permission denied
/home/salamat/fish_project/start_boat_system.sh: line 23: logs/pi.pid: Permission denied
/home/salamat/fish_project/start_boat_system.sh: line 22: logs/pi_main.log: Permission denied
/home/salamat/fish_project/start_boat_system.sh: line 25: logs/boot.log: Permission denied
/home/salamat/fish_project/start_boat_system.sh: line 7: logs/boot.log: Permission denied
/home/salamat/fish_project/start_boat_system.sh: line 11: logs/flask.pid: Permission denied
/home/salamat/fish_project/start_boat_system.sh: line 10: logs/flask.log: Permission denied
/home/salamat/fish_project/start_boat_system.sh: line 19: logs/streamlit.pid: Permission denied
/home/salamat/fish_project/start_boat_system.sh: line 23: logs/pi.pid: Permission denied
/home/salamat/fish_project/start_boat_system.sh: line 22: logs/pi_main.log: Permission denied
/home/salamat/fish_project/start_boat_system.sh: line 14: logs/streamlit.log: Permission denied
/home/salamat/fish_project/start_boat_system.sh: line 25: logs/boot.log: Permission denied
/home/salamat/fish_project/start_boat_system.sh: line 7: logs/boot.log: Permission denied
/home/salamat/fish_project/start_boat_system.sh: line 11: logs/flask.pid: Permission denied
/home/salamat/fish_project/start_boat_system.sh: line 10: logs/flask.log: Permission denied
/home/salamat/fish_project/start_boat_system.sh: line 19: logs/streamlit.pid: Permission denied
/home/salamat/fish_project/start_boat_system.sh: line 14: logs/streamlit.log: Permission denied
/home/salamat/fish_project/start_boat_system.sh: line 23: logs/pi.pid: Permission denied
/home/salamat/fish_project/start_boat_system.sh: line 22: logs/pi_main.log: Permission denied
/home/salamat/fish_project/start_boat_system.sh: line 25: logs/boot.log: Permission denied
/home/salamat/fish_project/start_boat_system.sh: line 7: logs/boot.log: Permission denied
/home/salamat/fish_project/start_boat_system.sh: line 11: logs/flask.pid: Permission denied
/home/salamat/fish_project/start_boat_system.sh: line 10: logs/flask.log: Permission denied
/home/salamat/fish_project/start_boat_system.sh: line 19: logs/streamlit.pid: Permission denied
/home/salamat/fish_project/start_boat_system.sh: line 14: logs/streamlit.log: Permission denied
/home/salamat/fish_project/start_boat_system.sh: line 23: logs/pi.pid: Permission denied
/home/salamat/fish_project/start_boat_system.sh: line 22: logs/pi_main.log: Permission denied
/home/salamat/fish_project/start_boat_system.sh: line 25: logs/boot.log: Permission denied
/home/salamat/fish_project/start_boat_system.sh: line 7: logs/boot.log: Permission denied
/home/salamat/fish_project/start_boat_system.sh: line 11: logs/flask.pid: Permission denied
/home/salamat/fish_project/start_boat_system.sh: line 10: logs/flask.log: Permission denied
/home/salamat/fish_project/start_boat_system.sh: line 19: logs/streamlit.pid: Permission denied
/home/salamat/fish_project/start_boat_system.sh: line 14: logs/streamlit.log: Permission denied
/home/salamat/fish_project/start_boat_system.sh: line 23: logs/pi.pid: Permission denied
/home/salamat/fish_project/start_boat_system.sh: line 22: logs/pi_main.log: Permission denied
/home/salamat/fish_project/start_boat_system.sh: line 25: logs/boot.log: Permission denied
/home/salamat/fish_project/start_boat_system.sh: line 7: logs/boot.log: Permission denied
/home/salamat/fish_project/start_boat_system.sh: line 11: logs/flask.pid: Permission denied
/home/salamat/fish_project/start_boat_system.sh: line 10: logs/flask.log: Permission denied
/home/salamat/fish_project/start_boat_system.sh: line 19: logs/streamlit.pid: Permission denied
/home/salamat/fish_project/start_boat_system.sh: line 14: logs/streamlit.log: Permission denied
/home/salamat/fish_project/start_boat_system.sh: line 22: logs/pi_main.log: Permission denied
/home/salamat/fish_project/start_boat_system.sh: line 23: logs/pi.pid: Permission denied
/home/salamat/fish_project/start_boat_system.sh: line 25: logs/boot.log: Permission denied
/home/salamat/fish_project/start_boat_system.sh: line 7: logs/boot.log: Permission denied
/home/salamat/fish_project/start_boat_system.sh: line 11: logs/flask.pid: Permission denied
/home/salamat/fish_project/start_boat_system.sh: line 10: logs/flask.log: Permission denied
/home/salamat/fish_project/start_boat_system.sh: line 14: logs/streamlit.log: Permission denied
/home/salamat/fish_project/start_boat_system.sh: line 19: logs/streamlit.pid: Permission denied
/home/salamat/fish_project/start_boat_system.sh: line 23: logs/pi.pid: Permission denied
/home/salamat/fish_project/start_boat_system.sh: line 22: logs/pi_main.log: Permission denied
/home/salamat/fish_project/start_boat_system.sh: line 25: logs/boot.log: Permission denied
/home/salamat/fish_project/start_boat_system.sh: line 7: logs/boot.log: Permission denied
/home/salamat/fish_project/start_boat_system.sh: line 11: logs/flask.pid: Permission denied
/home/salamat/fish_project/start_boat_system.sh: line 10: logs/flask.log: Permission denied
/home/salamat/fish_project/start_boat_system.sh: line 14: logs/streamlit.log: Permission denied
/home/salamat/fish_project/start_boat_system.sh: line 19: logs/streamlit.pid: Permission denied
/home/salamat/fish_project/start_boat_system.sh: line 23: logs/pi.pid: Permission denied
/home/salamat/fish_project/start_boat_system.sh: line 22: logs/pi_main.log: Permission denied
/home/salamat/fish_project/start_boat_system.sh: line 25: logs/boot.log: Permission denied
/home/salamat/fish_project/start_boat_system.sh: line 7: logs/boot.log: Permission denied
/home/salamat/fish_project/start_boat_system.sh: line 11: logs/flask.pid: Permission denied
/home/salamat/fish_project/start_boat_system.sh: line 10: logs/flask.log: Permission denied
/home/salamat/fish_project/start_boat_system.sh: line 19: logs/streamlit.pid: Permission denied
/home/salamat/fish_project/start_boat_system.sh: line 14: logs/streamlit.log: Permission denied
/home/salamat/fish_project/start_boat_system.sh: line 23: logs/pi.pid: Permission denied
/home/salamat/fish_project/start_boat_system.sh: line 22: logs/pi_main.log: Permission denied
/home/salamat/fish_project/start_boat_system.sh: line 25: logs/boot.log: Permission denied
/home/salamat/fish_project/start_boat_system.sh: line 7: logs/boot.log: Permission denied
/home/salamat/fish_project/start_boat_system.sh: line 11: logs/flask.pid: Permission denied
/home/salamat/fish_project/start_boat_system.sh: line 10: logs/flask.log: Permission denied
/home/salamat/fish_project/start_boat_system.sh: line 19: logs/streamlit.pid: Permission denied
/home/salamat/fish_project/start_boat_system.sh: line 23: logs/pi.pid: Permission denied
/home/salamat/fish_project/start_boat_system.sh: line 22: logs/pi_main.log: Permission denied
/home/salamat/fish_project/start_boat_system.sh: line 14: logs/streamlit.log: Permission denied
/home/salamat/fish_project/start_boat_system.sh: line 25: logs/boot.log: Permission denied
/home/salamat/fish_project/start_boat_system.sh: line 7: logs/boot.log: Permission denied
/home/salamat/fish_project/start_boat_system.sh: line 11: logs/flask.pid: Permission denied
/home/salamat/fish_project/start_boat_system.sh: line 10: logs/flask.log: Permission denied
/home/salamat/fish_project/start_boat_system.sh: line 19: logs/streamlit.pid: Permission denied
/home/salamat/fish_project/start_boat_system.sh: line 23: logs/pi.pid: Permission denied
/home/salamat/fish_project/start_boat_system.sh: line 14: logs/streamlit.log: Permission denied
/home/salamat/fish_project/start_boat_system.sh: line 22: logs/pi_main.log: Permission denied
/home/salamat/fish_project/start_boat_system.sh: line 25: logs/boot.log: Permission denied
/home/salamat/fish_project/start_boat_system.sh: line 7: logs/boot.log: Permission denied
/home/salamat/fish_project/start_boat_system.sh: line 11: logs/flask.pid: Permission denied
/home/salamat/fish_project/start_boat_system.sh: line 10: logs/flask.log: Permission denied
/home/salamat/fish_project/start_boat_system.sh: line 19: logs/streamlit.pid: Permission denied
/home/salamat/fish_project/start_boat_system.sh: line 23: logs/pi.pid: Permission denied
/home/salamat/fish_project/start_boat_system.sh: line 22: logs/pi_main.log: Permission denied
/home/salamat/fish_project/start_boat_system.sh: line 14: logs/streamlit.log: Permission denied
/home/salamat/fish_project/start_boat_system.sh: line 25: logs/boot.log: Permission denied
/home/salamat/fish_project/start_boat_system.sh: line 7: logs/boot.log: Permission denied
/home/salamat/fish_project/start_boat_system.sh: line 11: logs/flask.pid: Permission denied
/home/salamat/fish_project/start_boat_system.sh: line 10: logs/flask.log: Permission denied
/home/salamat/fish_project/start_boat_system.sh: line 19: logs/streamlit.pid: Permission denied
/home/salamat/fish_project/start_boat_system.sh: line 14: logs/streamlit.log: Permission denied
/home/salamat/fish_project/start_boat_system.sh: line 23: logs/pi.pid: Permission denied
/home/salamat/fish_project/start_boat_system.sh: line 22: logs/pi_main.log: Permission denied
/home/salamat/fish_project/start_boat_system.sh: line 25: logs/boot.log: Permission denied
/home/salamat/fish_project/start_boat_system.sh: line 7: logs/boot.log: Permission denied
/home/salamat/fish_project/start_boat_system.sh: line 11: logs/flask.pid: Permission denied
/home/salamat/fish_project/start_boat_system.sh: line 10: logs/flask.log: Permission denied
/home/salamat/fish_project/start_boat_system.sh: line 19: logs/streamlit.pid: Permission denied
/home/salamat/fish_project/start_boat_system.sh: line 23: logs/pi.pid: Permission denied
/home/salamat/fish_project/start_boat_system.sh: line 22: logs/pi_main.log: Permission denied
/home/salamat/fish_project/start_boat_system.sh: line 14: logs/streamlit.log: Permission denied
/home/salamat/fish_project/start_boat_system.sh: line 25: logs/boot.log: Permission denied
/home/salamat/fish_project/start_boat_system.sh: line 7: logs/boot.log: Permission denied
/home/salamat/fish_project/start_boat_system.sh: line 11: logs/flask.pid: Permission denied
/home/salamat/fish_project/start_boat_system.sh: line 10: logs/flask.log: Permission denied
/home/salamat/fish_project/start_boat_system.sh: line 19: logs/streamlit.pid: Permission denied
/home/salamat/fish_project/start_boat_system.sh: line 23: logs/pi.pid: Permission denied
/home/salamat/fish_project/start_boat_system.sh: line 14: logs/streamlit.log: Permission denied
/home/salamat/fish_project/start_boat_system.sh: line 22: logs/pi_main.log: Permission denied
/home/salamat/fish_project/start_boat_system.sh: line 25: logs/boot.log: Permission denied
/home/salamat/fish_project/start_boat_system.sh: line 7: logs/boot.log: Permission denied
/home/salamat/fish_project/start_boat_system.sh: line 11: logs/flask.pid: Permission denied
/home/salamat/fish_project/start_boat_system.sh: line 10: logs/flask.log: Permission denied
/home/salamat/fish_project/start_boat_system.sh: line 19: logs/streamlit.pid: Permission denied
/home/salamat/fish_project/start_boat_system.sh: line 14: logs/streamlit.log: Permission denied
/home/salamat/fish_project/start_boat_system.sh: line 23: logs/pi.pid: Permission denied
/home/salamat/fish_project/start_boat_system.sh: line 22: logs/pi_main.log: Permission denied
/home/salamat/fish_project/start_boat_system.sh: line 25: logs/boot.log: Permission denied
/home/salamat/fish_project/start_boat_system.sh: line 7: logs/boot.log: Permission denied
/home/salamat/fish_project/start_boat_system.sh: line 11: logs/flask.pid: Permission denied
/home/salamat/fish_project/start_boat_system.sh: line 10: logs/flask.log: Permission denied
/home/salamat/fish_project/start_boat_system.sh: line 19: logs/streamlit.pid: Permission denied
/home/salamat/fish_project/start_boat_system.sh: line 14: logs/streamlit.log: Permission denied
/home/salamat/fish_project/start_boat_system.sh: line 23: logs/pi.pid: Permission denied
/home/salamat/fish_project/start_boat_system.sh: line 22: logs/pi_main.log: Permission denied
/home/salamat/fish_project/start_boat_system.sh: line 25: logs/boot.log: Permission denied
/home/salamat/fish_project/start_boat_system.sh: line 7: logs/boot.log: Permission denied
/home/salamat/fish_project/start_boat_system.sh: line 11: logs/flask.pid: Permission denied
/home/salamat/fish_project/start_boat_system.sh: line 10: logs/flask.log: Permission denied
/home/salamat/fish_project/start_boat_system.sh: line 19: logs/streamlit.pid: Permission denied
/home/salamat/fish_project/start_boat_system.sh: line 23: logs/pi.pid: Permission denied
/home/salamat/fish_project/start_boat_system.sh: line 22: logs/pi_main.log: Permission denied
/home/salamat/fish_project/start_boat_system.sh: line 14: logs/streamlit.log: Permission denied
/home/salamat/fish_project/start_boat_system.sh: line 25: logs/boot.log: Permission denied
/home/salamat/fish_project/start_boat_system.sh: line 7: logs/boot.log: Permission denied
/home/salamat/fish_project/start_boat_system.sh: line 11: logs/flask.pid: Permission denied
/home/salamat/fish_project/start_boat_system.sh: line 10: logs/flask.log: Permission denied
/home/salamat/fish_project/start_boat_system.sh: line 19: logs/streamlit.pid: Permission denied
/home/salamat/fish_project/start_boat_system.sh: line 23: logs/pi.pid: Permission denied
/home/salamat/fish_project/start_boat_system.sh: line 22: logs/pi_main.log: Permission denied
/home/salamat/fish_project/start_boat_system.sh: line 14: logs/streamlit.log: Permission denied
/home/salamat/fish_project/start_boat_system.sh: line 25: logs/boot.log: Permission denied
/home/salamat/fish_project/start_boat_system.sh: line 7: logs/boot.log: Permission denied
/home/salamat/fish_project/start_boat_system.sh: line 11: logs/flask.pid: Permission denied
/home/salamat/fish_project/start_boat_system.sh: line 10: logs/flask.log: Permission denied
/home/salamat/fish_project/start_boat_system.sh: line 19: logs/streamlit.pid: Permission denied
/home/salamat/fish_project/start_boat_system.sh: line 14: logs/streamlit.log: Permission denied
/home/salamat/fish_project/start_boat_system.sh: line 23: logs/pi.pid: Permission denied
/home/salamat/fish_project/start_boat_system.sh: line 22: logs/pi_main.log: Permission denied
/home/salamat/fish_project/start_boat_system.sh: line 25: logs/boot.log: Permission denied
/home/salamat/fish_project/start_boat_system.sh: line 7: logs/boot.log: Permission denied
/home/salamat/fish_project/start_boat_system.sh: line 11: logs/flask.pid: Permission denied
/home/salamat/fish_project/start_boat_system.sh: line 10: logs/flask.log: Permission denied
/home/salamat/fish_project/start_boat_system.sh: line 19: logs/streamlit.pid: Permission denied
/home/salamat/fish_project/start_boat_system.sh: line 14: logs/streamlit.log: Permission denied
/home/salamat/fish_project/start_boat_system.sh: line 23: logs/pi.pid: Permission denied
/home/salamat/fish_project/start_boat_system.sh: line 22: logs/pi_main.log: Permission denied
/home/salamat/fish_project/start_boat_system.sh: line 25: logs/boot.log: Permission denied
/home/salamat/fish_project/start_boat_system.sh: line 7: logs/boot.log: Permission denied
/home/salamat/fish_project/start_boat_system.sh: line 10: logs/flask.log: Permission denied
/home/salamat/fish_project/start_boat_system.sh: line 11: logs/flask.pid: Permission denied
/home/salamat/fish_project/start_boat_system.sh: line 19: logs/streamlit.pid: Permission denied
/home/salamat/fish_project/start_boat_system.sh: line 14: logs/streamlit.log: Permission denied
/home/salamat/fish_project/start_boat_system.sh: line 23: logs/pi.pid: Permission denied
/home/salamat/fish_project/start_boat_system.sh: line 22: logs/pi_main.log: Permission denied
/home/salamat/fish_project/start_boat_system.sh: line 25: logs/boot.log: Permission denied
/home/salamat/fish_project/start_boat_system.sh: line 7: logs/boot.log: Permission denied
/home/salamat/fish_project/start_boat_system.sh: line 11: logs/flask.pid: Permission denied
/home/salamat/fish_project/start_boat_system.sh: line 10: logs/flask.log: Permission denied
/home/salamat/fish_project/start_boat_system.sh: line 19: logs/streamlit.pid: Permission denied
/home/salamat/fish_project/start_boat_system.sh: line 14: logs/streamlit.log: Permission denied
/home/salamat/fish_project/start_boat_system.sh: line 23: logs/pi.pid: Permission denied
/home/salamat/fish_project/start_boat_system.sh: line 22: logs/pi_main.log: Permission denied
/home/salamat/fish_project/start_boat_system.sh: line 25: logs/boot.log: Permission denied
/home/salamat/fish_project/start_boat_system.sh: line 7: logs/boot.log: Permission denied
/home/salamat/fish_project/start_boat_system.sh: line 11: logs/flask.pid: Permission denied
/home/salamat/fish_project/start_boat_system.sh: line 10: logs/flask.log: Permission denied
/home/salamat/fish_project/start_boat_system.sh: line 19: logs/streamlit.pid: Permission denied
/home/salamat/fish_project/start_boat_system.sh: line 14: logs/streamlit.log: Permission denied
/home/salamat/fish_project/start_boat_system.sh: line 23: logs/pi.pid: Permission denied
/home/salamat/fish_project/start_boat_system.sh: line 22: logs/pi_main.log: Permission denied
/home/salamat/fish_project/start_boat_system.sh: line 25: logs/boot.log: Permission denied
/home/salamat/fish_project/start_boat_system.sh: line 7: logs/boot.log: Permission denied
/home/salamat/fish_project/start_boat_system.sh: line 11: logs/flask.pid: Permission denied
/home/salamat/fish_project/start_boat_system.sh: line 10: logs/flask.log: Permission denied
/home/salamat/fish_project/start_boat_system.sh: line 19: logs/streamlit.pid: Permission denied
/home/salamat/fish_project/start_boat_system.sh: line 14: logs/streamlit.log: Permission denied
/home/salamat/fish_project/start_boat_system.sh: line 23: logs/pi.pid: Permission denied
/home/salamat/fish_project/start_boat_system.sh: line 22: logs/pi_main.log: Permission denied
/home/salamat/fish_project/start_boat_system.sh: line 25: logs/boot.log: Permission denied
/home/salamat/fish_project/start_boat_system.sh: line 7: logs/boot.log: Permission denied
/home/salamat/fish_project/start_boat_system.sh: line 11: logs/flask.pid: Permission denied
/home/salamat/fish_project/start_boat_system.sh: line 10: logs/flask.log: Permission denied
/home/salamat/fish_project/start_boat_system.sh: line 19: logs/streamlit.pid: Permission denied
/home/salamat/fish_project/start_boat_system.sh: line 14: logs/streamlit.log: Permission denied
/home/salamat/fish_project/start_boat_system.sh: line 23: logs/pi.pid: Permission denied
/home/salamat/fish_project/start_boat_system.sh: line 22: logs/pi_main.log: Permission denied
/home/salamat/fish_project/start_boat_system.sh: line 25: logs/boot.log: Permission denied
/home/salamat/fish_project/start_boat_system.sh: line 7: logs/boot.log: Permission denied
/home/salamat/fish_project/start_boat_system.sh: line 11: logs/flask.pid: Permission denied
/home/salamat/fish_project/start_boat_system.sh: line 10: logs/flask.log: Permission denied
/home/salamat/fish_project/start_boat_system.sh: line 19: logs/streamlit.pid: Permission denied
/home/salamat/fish_project/start_boat_system.sh: line 14: logs/streamlit.log: Permission denied
/home/salamat/fish_project/start_boat_system.sh: line 23: logs/pi.pid: Permission denied
/home/salamat/fish_project/start_boat_system.sh: line 22: logs/pi_main.log: Permission denied
/home/salamat/fish_project/start_boat_system.sh: line 25: logs/boot.log: Permission denied
/home/salamat/fish_project/start_boat_system.sh: line 7: logs/boot.log: Permission denied
/home/salamat/fish_project/start_boat_system.sh: line 11: logs/flask.pid: Permission denied
/home/salamat/fish_project/start_boat_system.sh: line 10: logs/flask.log: Permission denied
/home/salamat/fish_project/start_boat_system.sh: line 19: logs/streamlit.pid: Permission denied
/home/salamat/fish_project/start_boat_system.sh: line 23: logs/pi.pid: Permission denied
/home/salamat/fish_project/start_boat_system.sh: line 14: logs/streamlit.log: Permission denied
/home/salamat/fish_project/start_boat_system.sh: line 22: logs/pi_main.log: Permission denied
/home/salamat/fish_project/start_boat_system.sh: line 25: logs/boot.log: Permission denied
/home/salamat/fish_project/start_boat_system.sh: line 7: logs/boot.log: Permission denied
/home/salamat/fish_project/start_boat_system.sh: line 11: logs/flask.pid: Permission denied
/home/salamat/fish_project/start_boat_system.sh: line 10: logs/flask.log: Permission denied
/home/salamat/fish_project/start_boat_system.sh: line 19: logs/streamlit.pid: Permission denied
/home/salamat/fish_project/start_boat_system.sh: line 14: logs/streamlit.log: Permission denied
/home/salamat/fish_project/start_boat_system.sh: line 23: logs/pi.pid: Permission denied
/home/salamat/fish_project/start_boat_system.sh: line 22: logs/pi_main.log: Permission denied
/home/salamat/fish_project/start_boat_system.sh: line 25: logs/boot.log: Permission denied
/home/salamat/fish_project/start_boat_system.sh: line 7: logs/boot.log: Permission denied
/home/salamat/fish_project/start_boat_system.sh: line 10: logs/flask.log: Permission denied
/home/salamat/fish_project/start_boat_system.sh: line 11: logs/flask.pid: Permission denied
/home/salamat/fish_project/start_boat_system.sh: line 19: logs/streamlit.pid: Permission denied
/home/salamat/fish_project/start_boat_system.sh: line 14: logs/streamlit.log: Permission denied
/home/salamat/fish_project/start_boat_system.sh: line 23: logs/pi.pid: Permission denied
/home/salamat/fish_project/start_boat_system.sh: line 22: logs/pi_main.log: Permission denied
/home/salamat/fish_project/start_boat_system.sh: line 25: logs/boot.log: Permission denied
/home/salamat/fish_project/start_boat_system.sh: line 7: logs/boot.log: Permission denied
/home/salamat/fish_project/start_boat_system.sh: line 11: logs/flask.pid: Permission denied
/home/salamat/fish_project/start_boat_system.sh: line 10: logs/flask.log: Permission denied
/home/salamat/fish_project/start_boat_system.sh: line 19: logs/streamlit.pid: Permission denied
/home/salamat/fish_project/start_boat_system.sh: line 14: logs/streamlit.log: Permission denied
/home/salamat/fish_project/start_boat_system.sh: line 23: logs/pi.pid: Permission denied
/home/salamat/fish_project/start_boat_system.sh: line 22: logs/pi_main.log: Permission denied
/home/salamat/fish_project/start_boat_system.sh: line 25: logs/boot.log: Permission denied
/home/salamat/fish_project/start_boat_system.sh: line 7: logs/boot.log: Permission denied
/home/salamat/fish_project/start_boat_system.sh: line 11: logs/flask.pid: Permission denied
/home/salamat/fish_project/start_boat_system.sh: line 10: logs/flask.log: Permission denied
/home/salamat/fish_project/start_boat_system.sh: line 19: logs/streamlit.pid: Permission denied
/home/salamat/fish_project/start_boat_system.sh: line 14: logs/streamlit.log: Permission denied
/home/salamat/fish_project/start_boat_system.sh: line 23: logs/pi.pid: Permission denied
/home/salamat/fish_project/start_boat_system.sh: line 22: logs/pi_main.log: Permission denied
/home/salamat/fish_project/start_boat_system.sh: line 25: logs/boot.log: Permission denied
/home/salamat/fish_project/start_boat_system.sh: line 7: logs/boot.log: Permission denied
/home/salamat/fish_project/start_boat_system.sh: line 11: logs/flask.pid: Permission denied
/home/salamat/fish_project/start_boat_system.sh: line 19: logs/streamlit.pid: Permission denied
/home/salamat/fish_project/start_boat_system.sh: line 10: logs/flask.log: Permission denied
/home/salamat/fish_project/start_boat_system.sh: line 14: logs/streamlit.log: Permission denied
/home/salamat/fish_project/start_boat_system.sh: line 22: logs/pi_main.log: Permission denied
/home/salamat/fish_project/start_boat_system.sh: line 23: logs/pi.pid: Permission denied
/home/salamat/fish_project/start_boat_system.sh: line 25: logs/boot.log: Permission denied
/home/salamat/fish_project/start_boat_system.sh: line 7: logs/boot.log: Permission denied
/home/salamat/fish_project/start_boat_system.sh: line 11: logs/flask.pid: Permission denied
/home/salamat/fish_project/start_boat_system.sh: line 19: logs/streamlit.pid: Permission denied
/home/salamat/fish_project/start_boat_system.sh: line 14: logs/streamlit.log: Permission denied
/home/salamat/fish_project/start_boat_system.sh: line 10: logs/flask.log: Permission denied
/home/salamat/fish_project/start_boat_system.sh: line 23: logs/pi.pid: Permission denied
/home/salamat/fish_project/start_boat_system.sh: line 22: logs/pi_main.log: Permission denied
/home/salamat/fish_project/start_boat_system.sh: line 25: logs/boot.log: Permission denied
/home/salamat/fish_project/start_boat_system.sh: line 7: logs/boot.log: Permission denied
/home/salamat/fish_project/start_boat_system.sh: line 11: logs/flask.pid: Permission denied
/home/salamat/fish_project/start_boat_system.sh: line 10: logs/flask.log: Permission denied
/home/salamat/fish_project/start_boat_system.sh: line 19: logs/streamlit.pid: Permission denied
/home/salamat/fish_project/start_boat_system.sh: line 14: logs/streamlit.log: Permission denied
/home/salamat/fish_project/start_boat_system.sh: line 23: logs/pi.pid: Permission denied
/home/salamat/fish_project/start_boat_system.sh: line 22: logs/pi_main.log: Permission denied
/home/salamat/fish_project/start_boat_system.sh: line 25: logs/boot.log: Permission denied
/home/salamat/fish_project/start_boat_system.sh: line 7: logs/boot.log: Permission denied
/home/salamat/fish_project/start_boat_system.sh: line 11: logs/flask.pid: Permission denied
/home/salamat/fish_project/start_boat_system.sh: line 10: logs/flask.log: Permission denied
/home/salamat/fish_project/start_boat_system.sh: line 19: logs/streamlit.pid: Permission denied
/home/salamat/fish_project/start_boat_system.sh: line 14: logs/streamlit.log: Permission denied
/home/salamat/fish_project/start_boat_system.sh: line 23: logs/pi.pid: Permission denied
/home/salamat/fish_project/start_boat_system.sh: line 22: logs/pi_main.log: Permission denied
/home/salamat/fish_project/start_boat_system.sh: line 25: logs/boot.log: Permission denied
/home/salamat/fish_project/start_boat_system.sh: line 7: logs/boot.log: Permission denied
/home/salamat/fish_project/start_boat_system.sh: line 11: logs/flask.pid: Permission denied
/home/salamat/fish_project/start_boat_system.sh: line 10: logs/flask.log: Permission denied
/home/salamat/fish_project/start_boat_system.sh: line 19: logs/streamlit.pid: Permission denied
/home/salamat/fish_project/start_boat_system.sh: line 14: logs/streamlit.log: Permission denied
/home/salamat/fish_project/start_boat_system.sh: line 23: logs/pi.pid: Permission denied
/home/salamat/fish_project/start_boat_system.sh: line 22: logs/pi_main.log: Permission denied
/home/salamat/fish_project/start_boat_system.sh: line 25: logs/boot.log: Permission denied
/home/salamat/fish_project/start_boat_system.sh: line 7: logs/boot.log: Permission denied
/home/salamat/fish_project/start_boat_system.sh: line 11: logs/flask.pid: Permission denied
/home/salamat/fish_project/start_boat_system.sh: line 10: logs/flask.log: Permission denied
/home/salamat/fish_project/start_boat_system.sh: line 19: logs/streamlit.pid: Permission denied
/home/salamat/fish_project/start_boat_system.sh: line 14: logs/streamlit.log: Permission denied
/home/salamat/fish_project/start_boat_system.sh: line 23: logs/pi.pid: Permission denied
/home/salamat/fish_project/start_boat_system.sh: line 22: logs/pi_main.log: Permission denied
/home/salamat/fish_project/start_boat_system.sh: line 25: logs/boot.log: Permission denied
/home/salamat/fish_project/start_boat_system.sh: line 7: logs/boot.log: Permission denied
/home/salamat/fish_project/start_boat_system.sh: line 11: logs/flask.pid: Permission denied
/home/salamat/fish_project/start_boat_system.sh: line 10: logs/flask.log: Permission denied
/home/salamat/fish_project/start_boat_system.sh: line 19: logs/streamlit.pid: Permission denied
/home/salamat/fish_project/start_boat_system.sh: line 14: logs/streamlit.log: Permission denied
/home/salamat/fish_project/start_boat_system.sh: line 23: logs/pi.pid: Permission denied
/home/salamat/fish_project/start_boat_system.sh: line 22: logs/pi_main.log: Permission denied
/home/salamat/fish_project/start_boat_system.sh: line 25: logs/boot.log: Permission denied
/home/salamat/fish_project/start_boat_system.sh: line 7: logs/boot.log: Permission denied
/home/salamat/fish_project/start_boat_system.sh: line 11: logs/flask.pid: Permission denied
/home/salamat/fish_project/start_boat_system.sh: line 10: logs/flask.log: Permission denied
/home/salamat/fish_project/start_boat_system.sh: line 19: logs/streamlit.pid: Permission denied
/home/salamat/fish_project/start_boat_system.sh: line 14: logs/streamlit.log: Permission denied
/home/salamat/fish_project/start_boat_system.sh: line 22: logs/pi_main.log: Permission denied
/home/salamat/fish_project/start_boat_system.sh: line 23: logs/pi.pid: Permission denied
/home/salamat/fish_project/start_boat_system.sh: line 25: logs/boot.log: Permission denied
/home/salamat/fish_project/start_boat_system.sh: line 7: logs/boot.log: Permission denied
/home/salamat/fish_project/start_boat_system.sh: line 11: logs/flask.pid: Permission denied
/home/salamat/fish_project/start_boat_system.sh: line 10: logs/flask.log: Permission denied
/home/salamat/fish_project/start_boat_system.sh: line 19: logs/streamlit.pid: Permission denied
/home/salamat/fish_project/start_boat_system.sh: line 14: logs/streamlit.log: Permission denied
/home/salamat/fish_project/start_boat_system.sh: line 23: logs/pi.pid: Permission denied
/home/salamat/fish_project/start_boat_system.sh: line 22: logs/pi_main.log: Permission denied
/home/salamat/fish_project/start_boat_system.sh: line 25: logs/boot.log: Permission denied
/home/salamat/fish_project/start_boat_system.sh: line 7: logs/boot.log: Permission denied
/home/salamat/fish_project/start_boat_system.sh: line 11: logs/flask.pid: Permission denied
/home/salamat/fish_project/start_boat_system.sh: line 10: logs/flask.log: Permission denied
/home/salamat/fish_project/start_boat_system.sh: line 19: logs/streamlit.pid: Permission denied
/home/salamat/fish_project/start_boat_system.sh: line 14: logs/streamlit.log: Permission denied
/home/salamat/fish_project/start_boat_system.sh: line 23: logs/pi.pid: Permission denied
/home/salamat/fish_project/start_boat_system.sh: line 22: logs/pi_main.log: Permission denied
/home/salamat/fish_project/start_boat_system.sh: line 25: logs/boot.log: Permission denied
/home/salamat/fish_project/start_boat_system.sh: line 7: logs/boot.log: Permission denied
/home/salamat/fish_project/start_boat_system.sh: line 11: logs/flask.pid: Permission denied
/home/salamat/fish_project/start_boat_system.sh: line 19: logs/streamlit.pid: Permission denied
/home/salamat/fish_project/start_boat_system.sh: line 10: logs/flask.log: Permission denied
/home/salamat/fish_project/start_boat_system.sh: line 22: logs/pi_main.log: Permission denied
/home/salamat/fish_project/start_boat_system.sh: line 14: logs/streamlit.log: Permission denied
/home/salamat/fish_project/start_boat_system.sh: line 23: logs/pi.pid: Permission denied
/home/salamat/fish_project/start_boat_system.sh: line 25: logs/boot.log: Permission denied
/home/salamat/fish_project/start_boat_system.sh: line 7: logs/boot.log: Permission denied
/home/salamat/fish_project/start_boat_system.sh: line 11: logs/flask.pid: Permission denied
/home/salamat/fish_project/start_boat_system.sh: line 10: logs/flask.log: Permission denied
/home/salamat/fish_project/start_boat_system.sh: line 19: logs/streamlit.pid: Permission denied
/home/salamat/fish_project/start_boat_system.sh: line 23: logs/pi.pid: Permission denied
/home/salamat/fish_project/start_boat_system.sh: line 22: logs/pi_main.log: Permission denied
/home/salamat/fish_project/start_boat_system.sh: line 14: logs/streamlit.log: Permission denied
/home/salamat/fish_project/start_boat_system.sh: line 25: logs/boot.log: Permission denied
/home/salamat/fish_project/start_boat_system.sh: line 7: logs/boot.log: Permission denied
/home/salamat/fish_project/start_boat_system.sh: line 11: logs/flask.pid: Permission denied
/home/salamat/fish_project/start_boat_system.sh: line 10: logs/flask.log: Permission denied
/home/salamat/fish_project/start_boat_system.sh: line 19: logs/streamlit.pid: Permission denied
/home/salamat/fish_project/start_boat_system.sh: line 14: logs/streamlit.log: Permission denied
/home/salamat/fish_project/start_boat_system.sh: line 23: logs/pi.pid: Permission denied
/home/salamat/fish_project/start_boat_system.sh: line 22: logs/pi_main.log: Permission denied
/home/salamat/fish_project/start_boat_system.sh: line 25: logs/boot.log: Permission denied
/home/salamat/fish_project/start_boat_system.sh: line 7: logs/boot.log: Permission denied
/home/salamat/fish_project/start_boat_system.sh: line 11: logs/flask.pid: Permission denied
/home/salamat/fish_project/start_boat_system.sh: line 10: logs/flask.log: Permission denied
/home/salamat/fish_project/start_boat_system.sh: line 19: logs/streamlit.pid: Permission denied
/home/salamat/fish_project/start_boat_system.sh: line 14: logs/streamlit.log: Permission denied
/home/salamat/fish_project/start_boat_system.sh: line 23: logs/pi.pid: Permission denied
/home/salamat/fish_project/start_boat_system.sh: line 22: logs/pi_main.log: Permission denied
/home/salamat/fish_project/start_boat_system.sh: line 25: logs/boot.log: Permission denied
/home/salamat/fish_project/start_boat_system.sh: line 7: logs/boot.log: Permission denied
/home/salamat/fish_project/start_boat_system.sh: line 11: logs/flask.pid: Permission denied
/home/salamat/fish_project/start_boat_system.sh: line 10: logs/flask.log: Permission denied
/home/salamat/fish_project/start_boat_system.sh: line 19: logs/streamlit.pid: Permission denied
/home/salamat/fish_project/start_boat_system.sh: line 14: logs/streamlit.log: Permission denied
/home/salamat/fish_project/start_boat_system.sh: line 23: logs/pi.pid: Permission denied
/home/salamat/fish_project/start_boat_system.sh: line 22: logs/pi_main.log: Permission denied
/home/salamat/fish_project/start_boat_system.sh: line 25: logs/boot.log: Permission denied
/home/salamat/fish_project/start_boat_system.sh: line 7: logs/boot.log: Permission denied
/home/salamat/fish_project/start_boat_system.sh: line 11: logs/flask.pid: Permission denied
/home/salamat/fish_project/start_boat_system.sh: line 10: logs/flask.log: Permission denied
/home/salamat/fish_project/start_boat_system.sh: line 14: logs/streamlit.log: Permission denied
/home/salamat/fish_project/start_boat_system.sh: line 19: logs/streamlit.pid: Permission denied
/home/salamat/fish_project/start_boat_system.sh: line 23: logs/pi.pid: Permission denied
/home/salamat/fish_project/start_boat_system.sh: line 22: logs/pi_main.log: Permission denied
/home/salamat/fish_project/start_boat_system.sh: line 25: logs/boot.log: Permission denied
/home/salamat/fish_project/start_boat_system.sh: line 7: logs/boot.log: Permission denied
/home/salamat/fish_project/start_boat_system.sh: line 11: logs/flask.pid: Permission denied
/home/salamat/fish_project/start_boat_system.sh: line 10: logs/flask.log: Permission denied
/home/salamat/fish_project/start_boat_system.sh: line 19: logs/streamlit.pid: Permission denied
/home/salamat/fish_project/start_boat_system.sh: line 14: logs/streamlit.log: Permission denied
/home/salamat/fish_project/start_boat_system.sh: line 23: logs/pi.pid: Permission denied
/home/salamat/fish_project/start_boat_system.sh: line 22: logs/pi_main.log: Permission denied
/home/salamat/fish_project/start_boat_system.sh: line 25: logs/boot.log: Permission denied
/home/salamat/fish_project/start_boat_system.sh: line 7: logs/boot.log: Permission denied
/home/salamat/fish_project/start_boat_system.sh: line 11: logs/flask.pid: Permission denied
/home/salamat/fish_project/start_boat_system.sh: line 10: logs/flask.log: Permission denied
/home/salamat/fish_project/start_boat_system.sh: line 19: logs/streamlit.pid: Permission denied
/home/salamat/fish_project/start_boat_system.sh: line 14: logs/streamlit.log: Permission denied
/home/salamat/fish_project/start_boat_system.sh: line 23: logs/pi.pid: Permission denied
/home/salamat/fish_project/start_boat_system.sh: line 22: logs/pi_main.log: Permission denied
/home/salamat/fish_project/start_boat_system.sh: line 25: logs/boot.log: Permission denied
/home/salamat/fish_project/start_boat_system.sh: line 7: logs/boot.log: Permission denied
/home/salamat/fish_project/start_boat_system.sh: line 11: logs/flask.pid: Permission denied
/home/salamat/fish_project/start_boat_system.sh: line 10: logs/flask.log: Permission denied
/home/salamat/fish_project/start_boat_system.sh: line 19: logs/streamlit.pid: Permission denied
/home/salamat/fish_project/start_boat_system.sh: line 14: logs/streamlit.log: Permission denied
/home/salamat/fish_project/start_boat_system.sh: line 23: logs/pi.pid: Permission denied
/home/salamat/fish_project/start_boat_system.sh: line 22: logs/pi_main.log: Permission denied
/home/salamat/fish_project/start_boat_system.sh: line 25: logs/boot.log: Permission denied
/home/salamat/fish_project/start_boat_system.sh: line 7: logs/boot.log: Permission denied
/home/salamat/fish_project/start_boat_system.sh: line 11: logs/flask.pid: Permission denied
/home/salamat/fish_project/start_boat_system.sh: line 10: logs/flask.log: Permission denied
/home/salamat/fish_project/start_boat_system.sh: line 19: logs/streamlit.pid: Permission denied
/home/salamat/fish_project/start_boat_system.sh: line 14: logs/streamlit.log: Permission denied
/home/salamat/fish_project/start_boat_system.sh: line 23: logs/pi.pid: Permission denied
/home/salamat/fish_project/start_boat_system.sh: line 22: logs/pi_main.log: Permission denied
/home/salamat/fish_project/start_boat_system.sh: line 25: logs/boot.log: Permission denied
/home/salamat/fish_project/start_boat_system.sh: line 7: logs/boot.log: Permission denied
/home/salamat/fish_project/start_boat_system.sh: line 11: logs/flask.pid: Permission denied
/home/salamat/fish_project/start_boat_system.sh: line 10: logs/flask.log: Permission denied
/home/salamat/fish_project/start_boat_system.sh: line 19: logs/streamlit.pid: Permission denied
/home/salamat/fish_project/start_boat_system.sh: line 14: logs/streamlit.log: Permission denied
/home/salamat/fish_project/start_boat_system.sh: line 22: logs/pi_main.log: Permission denied
/home/salamat/fish_project/start_boat_system.sh: line 23: logs/pi.pid: Permission denied
/home/salamat/fish_project/start_boat_system.sh: line 25: logs/boot.log: Permission denied
/home/salamat/fish_project/start_boat_system.sh: line 7: logs/boot.log: Permission denied
/home/salamat/fish_project/start_boat_system.sh: line 11: logs/flask.pid: Permission denied
/home/salamat/fish_project/start_boat_system.sh: line 10: logs/flask.log: Permission denied
/home/salamat/fish_project/start_boat_system.sh: line 19: logs/streamlit.pid: Permission denied
/home/salamat/fish_project/start_boat_system.sh: line 14: logs/streamlit.log: Permission denied
/home/salamat/fish_project/start_boat_system.sh: line 23: logs/pi.pid: Permission denied
/home/salamat/fish_project/start_boat_system.sh: line 22: logs/pi_main.log: Permission denied
/home/salamat/fish_project/start_boat_system.sh: line 25: logs/boot.log: Permission denied
/home/salamat/fish_project/start_boat_system.sh: line 7: logs/boot.log: Permission denied
/home/salamat/fish_project/start_boat_system.sh: line 11: logs/flask.pid: Permission denied
/home/salamat/fish_project/start_boat_system.sh: line 10: logs/flask.log: Permission denied
/home/salamat/fish_project/start_boat_system.sh: line 19: logs/streamlit.pid: Permission denied
/home/salamat/fish_project/start_boat_system.sh: line 14: logs/streamlit.log: Permission denied
/home/salamat/fish_project/start_boat_system.sh: line 23: logs/pi.pid: Permission denied
/home/salamat/fish_project/start_boat_system.sh: line 22: logs/pi_main.log: Permission denied
/home/salamat/fish_project/start_boat_system.sh: line 25: logs/boot.log: Permission denied
/home/salamat/fish_project/start_boat_system.sh: line 7: logs/boot.log: Permission denied
/home/salamat/fish_project/start_boat_system.sh: line 11: logs/flask.pid: Permission denied
/home/salamat/fish_project/start_boat_system.sh: line 10: logs/flask.log: Permission denied
/home/salamat/fish_project/start_boat_system.sh: line 19: logs/streamlit.pid: Permission denied
/home/salamat/fish_project/start_boat_system.sh: line 14: logs/streamlit.log: Permission denied
/home/salamat/fish_project/start_boat_system.sh: line 23: logs/pi.pid: Permission denied
/home/salamat/fish_project/start_boat_system.sh: line 22: logs/pi_main.log: Permission denied
/home/salamat/fish_project/start_boat_system.sh: line 25: logs/boot.log: Permission denied
[1;33m🛑 Stopping existing processes...[0m
[0;34m🚤 Starting AI Boat System...[0m
================================
[0;34m📡 Starting Flask API...[0m
[0;32m✅ Flask API started (PID: 42920) on port 5000[0m
/home/salamat/fish_project/start_dashboard.sh: line 33: logs/flask.log: Permission denied
[0;31m⚠️ Flask API may not have started properly[0m
[0;34m📊 Starting Streamlit Dashboard...[0m
[0;32m✅ Streamlit dashboard started (PID: 42974) on port 8501[0m
/home/salamat/fish_project/start_dashboard.sh: line 48: logs/streamlit.log: Permission denied
[0;34m🤖 Starting Pi Main Code...[0m
[0;32m✅ Pi main code started (PID: 43036)[0m
/home/salamat/fish_project/start_dashboard.sh: line 66: logs/flask.pid: Permission denied
/home/salamat/fish_project/start_dashboard.sh: line 61: logs/pi_main.log: Permission denied
/home/salamat/fish_project/start_dashboard.sh: line 67: logs/streamlit.pid: Permission denied
/home/salamat/fish_project/start_dashboard.sh: line 68: logs/pi.pid: Permission denied
================================
[0;32m✅ ALL SERVICES STARTED![0m
================================
[0;34m📍 Dashboard URL:[0m http://10.122.168.88:8501
[0;34m📡 API Endpoint:[0m http://10.122.168.88:5000
[0;34m📁 Log files:[0m logs/ directory
================================
[1;33m💡 Useful commands:[0m
  View Flask logs:     tail -f logs/flask.log
  View Dashboard logs: tail -f logs/streamlit.log
  View Pi logs:        tail -f logs/pi_main.log
  Stop all services:   ./stop_boat_system.sh
  Check status:        ./status_boat_system.sh
================================
[0;34m📋 Last few lines from Pi main code:[0m
/home/salamat/fish_project/venv/lib/python3.11/site-packages/gpiozero/input_devices.py:852: PWMSoftwareFallback: For more accurate readings, use the pigpio pin factory.See https://gpiozero.readthedocs.io/en/stable/api_input.html#distancesensor-hc-sr04 for more info
  warnings.warn(PWMSoftwareFallback(
[1;33m🛑 Stopping existing processes...[0m
[0;34m🚤 Starting AI Boat System...[0m
================================
[0;34m📡 Starting Flask API...[0m
[0;32m✅ Flask API started (PID: 43236) on port 5000[0m
/home/salamat/fish_project/start_dashboard.sh: line 33: logs/flask.log: Permission denied
[0;31m⚠️ Flask API may not have started properly[0m
[0;34m📊 Starting Streamlit Dashboard...[0m
[0;32m✅ Streamlit dashboard started (PID: 43282) on port 8501[0m
/home/salamat/fish_project/start_dashboard.sh: line 48: logs/streamlit.log: Permission denied
[0;34m🤖 Starting Pi Main Code...[0m
[0;32m✅ Pi main code started (PID: 43346)[0m
/home/salamat/fish_project/start_dashboard.sh: line 66: logs/flask.pid: Permission denied
/home/salamat/fish_project/start_dashboard.sh: line 61: logs/pi_main.log: Permission denied
/home/salamat/fish_project/start_dashboard.sh: line 67: logs/streamlit.pid: Permission denied
/home/salamat/fish_project/start_dashboard.sh: line 68: logs/pi.pid: Permission denied
================================
[0;32m✅ ALL SERVICES STARTED![0m
================================
[0;34m📍 Dashboard URL:[0m http://10.122.168.88:8501
[0;34m📡 API Endpoint:[0m http://10.122.168.88:5000
[0;34m📁 Log files:[0m logs/ directory
================================
[1;33m💡 Useful commands:[0m
  View Flask logs:     tail -f logs/flask.log
  View Dashboard logs: tail -f logs/streamlit.log
  View Pi logs:        tail -f logs/pi_main.log
  Stop all services:   ./stop_boat_system.sh
  Check status:        ./status_boat_system.sh
================================
[0;34m📋 Last few lines from Pi main code:[0m
/home/salamat/fish_project/venv/lib/python3.11/site-packages/gpiozero/input_devices.py:852: PWMSoftwareFallback: For more accurate readings, use the pigpio pin factory.See https://gpiozero.readthedocs.io/en/stable/api_input.html#distancesensor-hc-sr04 for more info
  warnings.warn(PWMSoftwareFallback(
[1;33m🛑 Stopping existing processes...[0m
[0;34m🚤 Starting AI Boat System...[0m
================================
[0;34m📡 Starting Flask API...[0m
[0;32m✅ Flask API started (PID: 43546) on port 5000[0m
/home/salamat/fish_project/start_dashboard.sh: line 33: logs/flask.log: Permission denied
[0;31m⚠️ Flask API may not have started properly[0m
[0;34m📊 Starting Streamlit Dashboard...[0m
[0;32m✅ Streamlit dashboard started (PID: 43589) on port 8501[0m
/home/salamat/fish_project/start_dashboard.sh: line 48: logs/streamlit.log: Permission denied
[0;34m🤖 Starting Pi Main Code...[0m
[0;32m✅ Pi main code started (PID: 43654)[0m
/home/salamat/fish_project/start_dashboard.sh: line 66: logs/flask.pid: Permission denied
/home/salamat/fish_project/start_dashboard.sh: line 61: logs/pi_main.log: Permission denied
/home/salamat/fish_project/start_dashboard.sh: line 67: logs/streamlit.pid: Permission denied
/home/salamat/fish_project/start_dashboard.sh: line 68: logs/pi.pid: Permission denied
================================
[0;32m✅ ALL SERVICES STARTED![0m
================================
[0;34m📍 Dashboard URL:[0m http://10.122.168.88:8501
[0;34m📡 API Endpoint:[0m http://10.122.168.88:5000
[0;34m📁 Log files:[0m logs/ directory
================================
[1;33m💡 Useful commands:[0m
  View Flask logs:     tail -f logs/flask.log
  View Dashboard logs: tail -f logs/streamlit.log
  View Pi logs:        tail -f logs/pi_main.log
  Stop all services:   ./stop_boat_system.sh
  Check status:        ./status_boat_system.sh
================================
[0;34m📋 Last few lines from Pi main code:[0m
/home/salamat/fish_project/venv/lib/python3.11/site-packages/gpiozero/input_devices.py:852: PWMSoftwareFallback: For more accurate readings, use the pigpio pin factory.See https://gpiozero.readthedocs.io/en/stable/api_input.html#distancesensor-hc-sr04 for more info
  warnings.warn(PWMSoftwareFallback(
[1;33m🛑 Stopping existing processes...[0m
[0;34m🚤 Starting AI Boat System...[0m
================================
[0;34m📡 Starting Flask API...[0m
[0;32m✅ Flask API started (PID: 43875) on port 5000[0m
/home/salamat/fish_project/start_dashboard.sh: line 33: logs/flask.log: Permission denied
[0;31m⚠️ Flask API may not have started properly[0m
[0;34m📊 Starting Streamlit Dashboard...[0m
[0;32m✅ Streamlit dashboard started (PID: 43918) on port 8501[0m
/home/salamat/fish_project/start_dashboard.sh: line 48: logs/streamlit.log: Permission denied
[0;34m🤖 Starting Pi Main Code...[0m
[0;32m✅ Pi main code started (PID: 43981)[0m
/home/salamat/fish_project/start_dashboard.sh: line 61: logs/pi_main.log: Permission denied
/home/salamat/fish_project/start_dashboard.sh: line 66: logs/flask.pid: Permission denied
/home/salamat/fish_project/start_dashboard.sh: line 67: logs/streamlit.pid: Permission denied
/home/salamat/fish_project/start_dashboard.sh: line 68: logs/pi.pid: Permission denied
================================
[0;32m✅ ALL SERVICES STARTED![0m
================================
[0;34m📍 Dashboard URL:[0m http://10.122.168.88:8501
[0;34m📡 API Endpoint:[0m http://10.122.168.88:5000
[0;34m📁 Log files:[0m logs/ directory
================================
[1;33m💡 Useful commands:[0m
  View Flask logs:     tail -f logs/flask.log
  View Dashboard logs: tail -f logs/streamlit.log
  View Pi logs:        tail -f logs/pi_main.log
  Stop all services:   ./stop_boat_system.sh
  Check status:        ./status_boat_system.sh
================================
[0;34m📋 Last few lines from Pi main code:[0m
/home/salamat/fish_project/venv/lib/python3.11/site-packages/gpiozero/input_devices.py:852: PWMSoftwareFallback: For more accurate readings, use the pigpio pin factory.See https://gpiozero.readthedocs.io/en/stable/api_input.html#distancesensor-hc-sr04 for more info
  warnings.warn(PWMSoftwareFallback(
[1;33m🛑 Stopping existing processes...[0m
[0;34m🚤 Starting AI Boat System...[0m
================================
[0;34m📡 Starting Flask API...[0m
[0;32m✅ Flask API started (PID: 44182) on port 5000[0m
/home/salamat/fish_project/start_dashboard.sh: line 33: logs/flask.log: Permission denied
[0;31m⚠️ Flask API may not have started properly[0m
[0;34m📊 Starting Streamlit Dashboard...[0m
[0;32m✅ Streamlit dashboard started (PID: 44228) on port 8501[0m
/home/salamat/fish_project/start_dashboard.sh: line 48: logs/streamlit.log: Permission denied
[0;34m🤖 Starting Pi Main Code...[0m
[0;32m✅ Pi main code started (PID: 44290)[0m
/home/salamat/fish_project/start_dashboard.sh: line 61: logs/pi_main.log: Permission denied
/home/salamat/fish_project/start_dashboard.sh: line 66: logs/flask.pid: Permission denied
/home/salamat/fish_project/start_dashboard.sh: line 67: logs/streamlit.pid: Permission denied
/home/salamat/fish_project/start_dashboard.sh: line 68: logs/pi.pid: Permission denied
================================
[0;32m✅ ALL SERVICES STARTED![0m
================================
[0;34m📍 Dashboard URL:[0m http://10.122.168.88:8501
[0;34m📡 API Endpoint:[0m http://10.122.168.88:5000
[0;34m📁 Log files:[0m logs/ directory
================================
[1;33m💡 Useful commands:[0m
  View Flask logs:     tail -f logs/flask.log
  View Dashboard logs: tail -f logs/streamlit.log
  View Pi logs:        tail -f logs/pi_main.log
  Stop all services:   ./stop_boat_system.sh
  Check status:        ./status_boat_system.sh
================================
[0;34m📋 Last few lines from Pi main code:[0m
/home/salamat/fish_project/venv/lib/python3.11/site-packages/gpiozero/input_devices.py:852: PWMSoftwareFallback: For more accurate readings, use the pigpio pin factory.See https://gpiozero.readthedocs.io/en/stable/api_input.html#distancesensor-hc-sr04 for more info
  warnings.warn(PWMSoftwareFallback(
[1;33m🛑 Stopping existing processes...[0m
[0;34m🚤 Starting AI Boat System...[0m
================================
[0;34m📡 Starting Flask API...[0m
/home/salamat/fish_project/start_dashboard.sh: line 33: logs/flask.log: Permission denied
[0;32m✅ Flask API started (PID: 44492) on port 5000[0m
[0;31m⚠️ Flask API may not have started properly[0m
[0;34m📊 Starting Streamlit Dashboard...[0m
[0;32m✅ Streamlit dashboard started (PID: 44536) on port 8501[0m
/home/salamat/fish_project/start_dashboard.sh: line 48: logs/streamlit.log: Permission denied
[0;34m🤖 Starting Pi Main Code...[0m
[0;32m✅ Pi main code started (PID: 44601)[0m
/home/salamat/fish_project/start_dashboard.sh: line 61: logs/pi_main.log: Permission denied
/home/salamat/fish_project/start_dashboard.sh: line 66: logs/flask.pid: Permission denied
/home/salamat/fish_project/start_dashboard.sh: line 67: logs/streamlit.pid: Permission denied
/home/salamat/fish_project/start_dashboard.sh: line 68: logs/pi.pid: Permission denied
================================
[0;32m✅ ALL SERVICES STARTED![0m
================================
[0;34m📍 Dashboard URL:[0m http://10.122.168.88:8501
[0;34m📡 API Endpoint:[0m http://10.122.168.88:5000
[0;34m📁 Log files:[0m logs/ directory
================================
[1;33m💡 Useful commands:[0m
  View Flask logs:     tail -f logs/flask.log
  View Dashboard logs: tail -f logs/streamlit.log
  View Pi logs:        tail -f logs/pi_main.log
  Stop all services:   ./stop_boat_system.sh
  Check status:        ./status_boat_system.sh
================================
[0;34m📋 Last few lines from Pi main code:[0m
/home/salamat/fish_project/venv/lib/python3.11/site-packages/gpiozero/input_devices.py:852: PWMSoftwareFallback: For more accurate readings, use the pigpio pin factory.See https://gpiozero.readthedocs.io/en/stable/api_input.html#distancesensor-hc-sr04 for more info
  warnings.warn(PWMSoftwareFallback(
[1;33m🛑 Stopping existing processes...[0m
[0;34m🚤 Starting AI Boat System...[0m
================================
[0;34m📡 Starting Flask API...[0m
[0;32m✅ Flask API started (PID: 44802) on port 5000[0m
/home/salamat/fish_project/start_dashboard.sh: line 33: logs/flask.log: Permission denied
[0;31m⚠️ Flask API may not have started properly[0m
[0;34m📊 Starting Streamlit Dashboard...[0m
[0;32m✅ Streamlit dashboard started (PID: 44843) on port 8501[0m
/home/salamat/fish_project/start_dashboard.sh: line 48: logs/streamlit.log: Permission denied
[0;34m🤖 Starting Pi Main Code...[0m
[0;32m✅ Pi main code started (PID: 44908)[0m
/home/salamat/fish_project/start_dashboard.sh: line 66: logs/flask.pid: Permission denied
/home/salamat/fish_project/start_dashboard.sh: line 61: logs/pi_main.log: Permission denied
/home/salamat/fish_project/start_dashboard.sh: line 67: logs/streamlit.pid: Permission denied
/home/salamat/fish_project/start_dashboard.sh: line 68: logs/pi.pid: Permission denied
================================
[0;32m✅ ALL SERVICES STARTED![0m
================================
[0;34m📍 Dashboard URL:[0m http://10.122.168.88:8501
[0;34m📡 API Endpoint:[0m http://10.122.168.88:5000
[0;34m📁 Log files:[0m logs/ directory
================================
[1;33m💡 Useful commands:[0m
  View Flask logs:     tail -f logs/flask.log
  View Dashboard logs: tail -f logs/streamlit.log
  View Pi logs:        tail -f logs/pi_main.log
  Stop all services:   ./stop_boat_system.sh
  Check status:        ./status_boat_system.sh
================================
[0;34m📋 Last few lines from Pi main code:[0m
/home/salamat/fish_project/venv/lib/python3.11/site-packages/gpiozero/input_devices.py:852: PWMSoftwareFallback: For more accurate readings, use the pigpio pin factory.See https://gpiozero.readthedocs.io/en/stable/api_input.html#distancesensor-hc-sr04 for more info
  warnings.warn(PWMSoftwareFallback(
[1;33m🛑 Stopping existing processes...[0m
[0;34m🚤 Starting AI Boat System...[0m
================================
[0;34m📡 Starting Flask API...[0m
[0;32m✅ Flask API started (PID: 45103) on port 5000[0m
/home/salamat/fish_project/start_dashboard.sh: line 33: logs/flask.log: Permission denied
[0;31m⚠️ Flask API may not have started properly[0m
[0;34m📊 Starting Streamlit Dashboard...[0m
[0;32m✅ Streamlit dashboard started (PID: 45149) on port 8501[0m
/home/salamat/fish_project/start_dashboard.sh: line 48: logs/streamlit.log: Permission denied
[0;34m🤖 Starting Pi Main Code...[0m
[0;32m✅ Pi main code started (PID: 45222)[0m
/home/salamat/fish_project/start_dashboard.sh: line 66: logs/flask.pid: Permission denied
/home/salamat/fish_project/start_dashboard.sh: line 61: logs/pi_main.log: Permission denied
/home/salamat/fish_project/start_dashboard.sh: line 67: logs/streamlit.pid: Permission denied
/home/salamat/fish_project/start_dashboard.sh: line 68: logs/pi.pid: Permission denied
================================
[0;32m✅ ALL SERVICES STARTED![0m
================================
[0;34m📍 Dashboard URL:[0m http://10.122.168.88:8501
[0;34m📡 API Endpoint:[0m http://10.122.168.88:5000
[0;34m📁 Log files:[0m logs/ directory
================================
[1;33m💡 Useful commands:[0m
  View Flask logs:     tail -f logs/flask.log
  View Dashboard logs: tail -f logs/streamlit.log
  View Pi logs:        tail -f logs/pi_main.log
  Stop all services:   ./stop_boat_system.sh
  Check status:        ./status_boat_system.sh
================================
[0;34m📋 Last few lines from Pi main code:[0m
/home/salamat/fish_project/venv/lib/python3.11/site-packages/gpiozero/input_devices.py:852: PWMSoftwareFallback: For more accurate readings, use the pigpio pin factory.See https://gpiozero.readthedocs.io/en/stable/api_input.html#distancesensor-hc-sr04 for more info
  warnings.warn(PWMSoftwareFallback(
[1;33m🛑 Stopping existing processes...[0m
[0;34m🚤 Starting AI Boat System...[0m
================================
[0;34m📡 Starting Flask API...[0m
[0;32m✅ Flask API started (PID: 45422) on port 5000[0m
/home/salamat/fish_project/start_dashboard.sh: line 33: logs/flask.log: Permission denied
[0;31m⚠️ Flask API may not have started properly[0m
[0;34m📊 Starting Streamlit Dashboard...[0m
[0;32m✅ Streamlit dashboard started (PID: 45466) on port 8501[0m
/home/salamat/fish_project/start_dashboard.sh: line 48: logs/streamlit.log: Permission denied
[0;34m🤖 Starting Pi Main Code...[0m
[0;32m✅ Pi main code started (PID: 45530)[0m
/home/salamat/fish_project/start_dashboard.sh: line 66: logs/flask.pid: Permission denied
/home/salamat/fish_project/start_dashboard.sh: line 61: logs/pi_main.log: Permission denied
/home/salamat/fish_project/start_dashboard.sh: line 67: logs/streamlit.pid: Permission denied
/home/salamat/fish_project/start_dashboard.sh: line 68: logs/pi.pid: Permission denied
================================
[0;32m✅ ALL SERVICES STARTED![0m
================================
[0;34m📍 Dashboard URL:[0m http://10.122.168.88:8501
[0;34m📡 API Endpoint:[0m http://10.122.168.88:5000
[0;34m📁 Log files:[0m logs/ directory
================================
[1;33m💡 Useful commands:[0m
  View Flask logs:     tail -f logs/flask.log
  View Dashboard logs: tail -f logs/streamlit.log
  View Pi logs:        tail -f logs/pi_main.log
  Stop all services:   ./stop_boat_system.sh
  Check status:        ./status_boat_system.sh
================================
[0;34m📋 Last few lines from Pi main code:[0m
/home/salamat/fish_project/venv/lib/python3.11/site-packages/gpiozero/input_devices.py:852: PWMSoftwareFallback: For more accurate readings, use the pigpio pin factory.See https://gpiozero.readthedocs.io/en/stable/api_input.html#distancesensor-hc-sr04 for more info
  warnings.warn(PWMSoftwareFallback(
[1;33m🛑 Stopping existing processes...[0m
[0;34m🚤 Starting AI Boat System...[0m
================================
[0;34m📡 Starting Flask API...[0m
[0;32m✅ Flask API started (PID: 45751) on port 5000[0m
/home/salamat/fish_project/start_dashboard.sh: line 33: logs/flask.log: Permission denied
[0;31m⚠️ Flask API may not have started properly[0m
[0;34m📊 Starting Streamlit Dashboard...[0m
[0;32m✅ Streamlit dashboard started (PID: 45794) on port 8501[0m
/home/salamat/fish_project/start_dashboard.sh: line 48: logs/streamlit.log: Permission denied
[0;34m🤖 Starting Pi Main Code...[0m
[0;32m✅ Pi main code started (PID: 45859)[0m
/home/salamat/fish_project/start_dashboard.sh: line 61: logs/pi_main.log: Permission denied
/home/salamat/fish_project/start_dashboard.sh: line 66: logs/flask.pid: Permission denied
/home/salamat/fish_project/start_dashboard.sh: line 67: logs/streamlit.pid: Permission denied
/home/salamat/fish_project/start_dashboard.sh: line 68: logs/pi.pid: Permission denied
================================
[0;32m✅ ALL SERVICES STARTED![0m
================================
[0;34m📍 Dashboard URL:[0m http://10.122.168.88:8501
[0;34m📡 API Endpoint:[0m http://10.122.168.88:5000
[0;34m📁 Log files:[0m logs/ directory
================================
[1;33m💡 Useful commands:[0m
  View Flask logs:     tail -f logs/flask.log
  View Dashboard logs: tail -f logs/streamlit.log
  View Pi logs:        tail -f logs/pi_main.log
  Stop all services:   ./stop_boat_system.sh
  Check status:        ./status_boat_system.sh
================================
[0;34m📋 Last few lines from Pi main code:[0m
/home/salamat/fish_project/venv/lib/python3.11/site-packages/gpiozero/input_devices.py:852: PWMSoftwareFallback: For more accurate readings, use the pigpio pin factory.See https://gpiozero.readthedocs.io/en/stable/api_input.html#distancesensor-hc-sr04 for more info
  warnings.warn(PWMSoftwareFallback(
[1;33m🛑 Stopping existing processes...[0m
[0;34m🚤 Starting AI Boat System...[0m
================================
[0;34m📡 Starting Flask API...[0m
[0;32m✅ Flask API started (PID: 46057) on port 5000[0m
/home/salamat/fish_project/start_dashboard.sh: line 33: logs/flask.log: Permission denied
[0;31m⚠️ Flask API may not have started properly[0m
[0;34m📊 Starting Streamlit Dashboard...[0m
[0;32m✅ Streamlit dashboard started (PID: 46102) on port 8501[0m
/home/salamat/fish_project/start_dashboard.sh: line 48: logs/streamlit.log: Permission denied
[0;34m🤖 Starting Pi Main Code...[0m
[0;32m✅ Pi main code started (PID: 46163)[0m
/home/salamat/fish_project/start_dashboard.sh: line 66: logs/flask.pid: Permission denied
/home/salamat/fish_project/start_dashboard.sh: line 61: logs/pi_main.log: Permission denied
/home/salamat/fish_project/start_dashboard.sh: line 67: logs/streamlit.pid: Permission denied
/home/salamat/fish_project/start_dashboard.sh: line 68: logs/pi.pid: Permission denied
================================
[0;32m✅ ALL SERVICES STARTED![0m
================================
[0;34m📍 Dashboard URL:[0m http://10.122.168.88:8501
[0;34m📡 API Endpoint:[0m http://10.122.168.88:5000
[0;34m📁 Log files:[0m logs/ directory
================================
[1;33m💡 Useful commands:[0m
  View Flask logs:     tail -f logs/flask.log
  View Dashboard logs: tail -f logs/streamlit.log
  View Pi logs:        tail -f logs/pi_main.log
  Stop all services:   ./stop_boat_system.sh
  Check status:        ./status_boat_system.sh
================================
[0;34m📋 Last few lines from Pi main code:[0m
/home/salamat/fish_project/venv/lib/python3.11/site-packages/gpiozero/input_devices.py:852: PWMSoftwareFallback: For more accurate readings, use the pigpio pin factory.See https://gpiozero.readthedocs.io/en/stable/api_input.html#distancesensor-hc-sr04 for more info
  warnings.warn(PWMSoftwareFallback(
[1;33m🛑 Stopping existing processes...[0m
[0;34m🚤 Starting AI Boat System...[0m
================================
[0;34m📡 Starting Flask API...[0m
[0;32m✅ Flask API started (PID: 46364) on port 5000[0m
/home/salamat/fish_project/start_dashboard.sh: line 33: logs/flask.log: Permission denied
[0;31m⚠️ Flask API may not have started properly[0m
[0;34m📊 Starting Streamlit Dashboard...[0m
[0;32m✅ Streamlit dashboard started (PID: 46410) on port 8501[0m
/home/salamat/fish_project/start_dashboard.sh: line 48: logs/streamlit.log: Permission denied
[0;34m🤖 Starting Pi Main Code...[0m
[0;32m✅ Pi main code started (PID: 46470)[0m
/home/salamat/fish_project/start_dashboard.sh: line 66: logs/flask.pid: Permission denied
/home/salamat/fish_project/start_dashboard.sh: line 61: logs/pi_main.log: Permission denied
/home/salamat/fish_project/start_dashboard.sh: line 67: logs/streamlit.pid: Permission denied
/home/salamat/fish_project/start_dashboard.sh: line 68: logs/pi.pid: Permission denied
================================
[0;32m✅ ALL SERVICES STARTED![0m
================================
[0;34m📍 Dashboard URL:[0m http://10.122.168.88:8501
[0;34m📡 API Endpoint:[0m http://10.122.168.88:5000
[0;34m📁 Log files:[0m logs/ directory
================================
[1;33m💡 Useful commands:[0m
  View Flask logs:     tail -f logs/flask.log
  View Dashboard logs: tail -f logs/streamlit.log
  View Pi logs:        tail -f logs/pi_main.log
  Stop all services:   ./stop_boat_system.sh
  Check status:        ./status_boat_system.sh
================================
[0;34m📋 Last few lines from Pi main code:[0m
/home/salamat/fish_project/venv/lib/python3.11/site-packages/gpiozero/input_devices.py:852: PWMSoftwareFallback: For more accurate readings, use the pigpio pin factory.See https://gpiozero.readthedocs.io/en/stable/api_input.html#distancesensor-hc-sr04 for more info
  warnings.warn(PWMSoftwareFallback(
[1;33m🛑 Stopping existing processes...[0m
[0;34m🚤 Starting AI Boat System...[0m
================================
[0;34m📡 Starting Flask API...[0m
/home/salamat/fish_project/start_dashboard.sh: line 33: logs/flask.log: Permission denied
[0;32m✅ Flask API started (PID: 46673) on port 5000[0m
[0;31m⚠️ Flask API may not have started properly[0m
[0;34m📊 Starting Streamlit Dashboard...[0m
[0;32m✅ Streamlit dashboard started (PID: 46733) on port 8501[0m
/home/salamat/fish_project/start_dashboard.sh: line 48: logs/streamlit.log: Permission denied
[0;34m🤖 Starting Pi Main Code...[0m
[0;32m✅ Pi main code started (PID: 46798)[0m
/home/salamat/fish_project/start_dashboard.sh: line 66: logs/flask.pid: Permission denied
/home/salamat/fish_project/start_dashboard.sh: line 67: logs/streamlit.pid: Permission denied
/home/salamat/fish_project/start_dashboard.sh: line 68: logs/pi.pid: Permission denied
/home/salamat/fish_project/start_dashboard.sh: line 61: logs/pi_main.log: Permission denied
================================
[0;32m✅ ALL SERVICES STARTED![0m
================================
[0;34m📍 Dashboard URL:[0m http://10.122.168.88:8501
[0;34m📡 API Endpoint:[0m http://10.122.168.88:5000
[0;34m📁 Log files:[0m logs/ directory
================================
[1;33m💡 Useful commands:[0m
  View Flask logs:     tail -f logs/flask.log
  View Dashboard logs: tail -f logs/streamlit.log
  View Pi logs:        tail -f logs/pi_main.log
  Stop all services:   ./stop_boat_system.sh
  Check status:        ./status_boat_system.sh
================================
[0;34m📋 Last few lines from Pi main code:[0m
/home/salamat/fish_project/venv/lib/python3.11/site-packages/gpiozero/input_devices.py:852: PWMSoftwareFallback: For more accurate readings, use the pigpio pin factory.See https://gpiozero.readthedocs.io/en/stable/api_input.html#distancesensor-hc-sr04 for more info
  warnings.warn(PWMSoftwareFallback(
[1;33m🛑 Stopping existing processes...[0m
[0;34m🚤 Starting AI Boat System...[0m
================================
[0;34m📡 Starting Flask API...[0m
[0;32m✅ Flask API started (PID: 47007) on port 5000[0m
/home/salamat/fish_project/start_dashboard.sh: line 33: logs/flask.log: Permission denied
[0;31m⚠️ Flask API may not have started properly[0m
[0;34m📊 Starting Streamlit Dashboard...[0m
[0;32m✅ Streamlit dashboard started (PID: 47050) on port 8501[0m
/home/salamat/fish_project/start_dashboard.sh: line 48: logs/streamlit.log: Permission denied
[0;34m🤖 Starting Pi Main Code...[0m
[0;32m✅ Pi main code started (PID: 47115)[0m
/home/salamat/fish_project/start_dashboard.sh: line 66: logs/flask.pid: Permission denied
/home/salamat/fish_project/start_dashboard.sh: line 61: logs/pi_main.log: Permission denied
/home/salamat/fish_project/start_dashboard.sh: line 67: logs/streamlit.pid: Permission denied
/home/salamat/fish_project/start_dashboard.sh: line 68: logs/pi.pid: Permission denied
================================
[0;32m✅ ALL SERVICES STARTED![0m
================================
[0;34m📍 Dashboard URL:[0m http://10.122.168.88:8501
[0;34m📡 API Endpoint:[0m http://10.122.168.88:5000
[0;34m📁 Log files:[0m logs/ directory
================================
[1;33m💡 Useful commands:[0m
  View Flask logs:     tail -f logs/flask.log
  View Dashboard logs: tail -f logs/streamlit.log
  View Pi logs:        tail -f logs/pi_main.log
  Stop all services:   ./stop_boat_system.sh
  Check status:        ./status_boat_system.sh
================================
[0;34m📋 Last few lines from Pi main code:[0m
/home/salamat/fish_project/venv/lib/python3.11/site-packages/gpiozero/input_devices.py:852: PWMSoftwareFallback: For more accurate readings, use the pigpio pin factory.See https://gpiozero.readthedocs.io/en/stable/api_input.html#distancesensor-hc-sr04 for more info
  warnings.warn(PWMSoftwareFallback(
[1;33m🛑 Stopping existing processes...[0m
[0;34m🚤 Starting AI Boat System...[0m
================================
[0;34m📡 Starting Flask API...[0m
[0;32m✅ Flask API started (PID: 47327) on port 5000[0m
/home/salamat/fish_project/start_dashboard.sh: line 33: logs/flask.log: Permission denied
[0;31m⚠️ Flask API may not have started properly[0m
[0;34m📊 Starting Streamlit Dashboard...[0m
[0;32m✅ Streamlit dashboard started (PID: 47381) on port 8501[0m
/home/salamat/fish_project/start_dashboard.sh: line 48: logs/streamlit.log: Permission denied
[0;34m🤖 Starting Pi Main Code...[0m
[0;32m✅ Pi main code started (PID: 47443)[0m
/home/salamat/fish_project/start_dashboard.sh: line 66: logs/flask.pid: Permission denied
/home/salamat/fish_project/start_dashboard.sh: line 61: logs/pi_main.log: Permission denied
/home/salamat/fish_project/start_dashboard.sh: line 67: logs/streamlit.pid: Permission denied
/home/salamat/fish_project/start_dashboard.sh: line 68: logs/pi.pid: Permission denied
================================
[0;32m✅ ALL SERVICES STARTED![0m
================================
[0;34m📍 Dashboard URL:[0m http://10.122.168.88:8501
[0;34m📡 API Endpoint:[0m http://10.122.168.88:5000
[0;34m📁 Log files:[0m logs/ directory
================================
[1;33m💡 Useful commands:[0m
  View Flask logs:     tail -f logs/flask.log
  View Dashboard logs: tail -f logs/streamlit.log
  View Pi logs:        tail -f logs/pi_main.log
  Stop all services:   ./stop_boat_system.sh
  Check status:        ./status_boat_system.sh
================================
[0;34m📋 Last few lines from Pi main code:[0m
/home/salamat/fish_project/venv/lib/python3.11/site-packages/gpiozero/input_devices.py:852: PWMSoftwareFallback: For more accurate readings, use the pigpio pin factory.See https://gpiozero.readthedocs.io/en/stable/api_input.html#distancesensor-hc-sr04 for more info
  warnings.warn(PWMSoftwareFallback(
[1;33m🛑 Stopping existing processes...[0m
[0;34m🚤 Starting AI Boat System...[0m
================================
[0;34m📡 Starting Flask API...[0m
[0;32m✅ Flask API started (PID: 47660) on port 5000[0m
/home/salamat/fish_project/start_dashboard.sh: line 33: logs/flask.log: Permission denied
[0;31m⚠️ Flask API may not have started properly[0m
[0;34m📊 Starting Streamlit Dashboard...[0m
[0;32m✅ Streamlit dashboard started (PID: 47704) on port 8501[0m
/home/salamat/fish_project/start_dashboard.sh: line 48: logs/streamlit.log: Permission denied
[0;34m🤖 Starting Pi Main Code...[0m
[0;32m✅ Pi main code started (PID: 47797)[0m
/home/salamat/fish_project/start_dashboard.sh: line 66: logs/flask.pid: Permission denied
/home/salamat/fish_project/start_dashboard.sh: line 61: logs/pi_main.log: Permission denied
/home/salamat/fish_project/start_dashboard.sh: line 67: logs/streamlit.pid: Permission denied
/home/salamat/fish_project/start_dashboard.sh: line 68: logs/pi.pid: Permission denied
================================
[0;32m✅ ALL SERVICES STARTED![0m
================================
[0;34m📍 Dashboard URL:[0m http://10.122.168.88:8501
[0;34m📡 API Endpoint:[0m http://10.122.168.88:5000
[0;34m📁 Log files:[0m logs/ directory
================================
[1;33m💡 Useful commands:[0m
  View Flask logs:     tail -f logs/flask.log
  View Dashboard logs: tail -f logs/streamlit.log
  View Pi logs:        tail -f logs/pi_main.log
  Stop all services:   ./stop_boat_system.sh
  Check status:        ./status_boat_system.sh
================================
[0;34m📋 Last few lines from Pi main code:[0m
/home/salamat/fish_project/venv/lib/python3.11/site-packages/gpiozero/input_devices.py:852: PWMSoftwareFallback: For more accurate readings, use the pigpio pin factory.See https://gpiozero.readthedocs.io/en/stable/api_input.html#distancesensor-hc-sr04 for more info
  warnings.warn(PWMSoftwareFallback(
[1;33m🛑 Stopping existing processes...[0m
[0;34m🚤 Starting AI Boat System...[0m
================================
[0;34m📡 Starting Flask API...[0m
[0;32m✅ Flask API started (PID: 47998) on port 5000[0m
/home/salamat/fish_project/start_dashboard.sh: line 33: logs/flask.log: Permission denied
[0;31m⚠️ Flask API may not have started properly[0m
[0;34m📊 Starting Streamlit Dashboard...[0m
/home/salamat/fish_project/start_dashboard.sh: line 48: logs/streamlit.log: Permission denied
[0;32m✅ Streamlit dashboard started (PID: 48040) on port 8501[0m
[0;34m🤖 Starting Pi Main Code...[0m
[0;32m✅ Pi main code started (PID: 48106)[0m
/home/salamat/fish_project/start_dashboard.sh: line 66: logs/flask.pid: Permission denied
/home/salamat/fish_project/start_dashboard.sh: line 61: logs/pi_main.log: Permission denied
/home/salamat/fish_project/start_dashboard.sh: line 67: logs/streamlit.pid: Permission denied
/home/salamat/fish_project/start_dashboard.sh: line 68: logs/pi.pid: Permission denied
================================
[0;32m✅ ALL SERVICES STARTED![0m
================================
[0;34m📍 Dashboard URL:[0m http://10.122.168.88:8501
[0;34m📡 API Endpoint:[0m http://10.122.168.88:5000
[0;34m📁 Log files:[0m logs/ directory
================================
[1;33m💡 Useful commands:[0m
  View Flask logs:     tail -f logs/flask.log
  View Dashboard logs: tail -f logs/streamlit.log
  View Pi logs:        tail -f logs/pi_main.log
  Stop all services:   ./stop_boat_system.sh
  Check status:        ./status_boat_system.sh
================================
[0;34m📋 Last few lines from Pi main code:[0m
/home/salamat/fish_project/venv/lib/python3.11/site-packages/gpiozero/input_devices.py:852: PWMSoftwareFallback: For more accurate readings, use the pigpio pin factory.See https://gpiozero.readthedocs.io/en/stable/api_input.html#distancesensor-hc-sr04 for more info
  warnings.warn(PWMSoftwareFallback(
[1;33m🛑 Stopping existing processes...[0m
[0;34m🚤 Starting AI Boat System...[0m
================================
[0;34m📡 Starting Flask API...[0m
[0;32m✅ Flask API started (PID: 48304) on port 5000[0m
/home/salamat/fish_project/start_dashboard.sh: line 33: logs/flask.log: Permission denied
[0;31m⚠️ Flask API may not have started properly[0m
[0;34m📊 Starting Streamlit Dashboard...[0m
[0;32m✅ Streamlit dashboard started (PID: 48353) on port 8501[0m
/home/salamat/fish_project/start_dashboard.sh: line 48: logs/streamlit.log: Permission denied
[0;34m🤖 Starting Pi Main Code...[0m
[0;32m✅ Pi main code started (PID: 48416)[0m
/home/salamat/fish_project/start_dashboard.sh: line 66: logs/flask.pid: Permission denied
/home/salamat/fish_project/start_dashboard.sh: line 61: logs/pi_main.log: Permission denied
/home/salamat/fish_project/start_dashboard.sh: line 67: logs/streamlit.pid: Permission denied
/home/salamat/fish_project/start_dashboard.sh: line 68: logs/pi.pid: Permission denied
================================
[0;32m✅ ALL SERVICES STARTED![0m
================================
[0;34m📍 Dashboard URL:[0m http://10.122.168.88:8501
[0;34m📡 API Endpoint:[0m http://10.122.168.88:5000
[0;34m📁 Log files:[0m logs/ directory
================================
[1;33m💡 Useful commands:[0m
  View Flask logs:     tail -f logs/flask.log
  View Dashboard logs: tail -f logs/streamlit.log
  View Pi logs:        tail -f logs/pi_main.log
  Stop all services:   ./stop_boat_system.sh
  Check status:        ./status_boat_system.sh
================================
[0;34m📋 Last few lines from Pi main code:[0m
/home/salamat/fish_project/venv/lib/python3.11/site-packages/gpiozero/input_devices.py:852: PWMSoftwareFallback: For more accurate readings, use the pigpio pin factory.See https://gpiozero.readthedocs.io/en/stable/api_input.html#distancesensor-hc-sr04 for more info
  warnings.warn(PWMSoftwareFallback(
[1;33m🛑 Stopping existing processes...[0m
[0;34m🚤 Starting AI Boat System...[0m
================================
[0;34m📡 Starting Flask API...[0m
[0;32m✅ Flask API started (PID: 48615) on port 5000[0m
/home/salamat/fish_project/start_dashboard.sh: line 33: logs/flask.log: Permission denied
[0;31m⚠️ Flask API may not have started properly[0m
[0;34m📊 Starting Streamlit Dashboard...[0m
/home/salamat/fish_project/start_dashboard.sh: line 48: logs/streamlit.log: Permission denied
[0;32m✅ Streamlit dashboard started (PID: 48669) on port 8501[0m
[0;34m🤖 Starting Pi Main Code...[0m
[0;32m✅ Pi main code started (PID: 48733)[0m
/home/salamat/fish_project/start_dashboard.sh: line 66: logs/flask.pid: Permission denied
/home/salamat/fish_project/start_dashboard.sh: line 61: logs/pi_main.log: Permission denied
/home/salamat/fish_project/start_dashboard.sh: line 67: logs/streamlit.pid: Permission denied
/home/salamat/fish_project/start_dashboard.sh: line 68: logs/pi.pid: Permission denied
================================
[0;32m✅ ALL SERVICES STARTED![0m
================================
[0;34m📍 Dashboard URL:[0m http://10.122.168.88:8501
[0;34m📡 API Endpoint:[0m http://10.122.168.88:5000
[0;34m📁 Log files:[0m logs/ directory
================================
[1;33m💡 Useful commands:[0m
  View Flask logs:     tail -f logs/flask.log
  View Dashboard logs: tail -f logs/streamlit.log
  View Pi logs:        tail -f logs/pi_main.log
  Stop all services:   ./stop_boat_system.sh
  Check status:        ./status_boat_system.sh
================================
[0;34m📋 Last few lines from Pi main code:[0m
/home/salamat/fish_project/venv/lib/python3.11/site-packages/gpiozero/input_devices.py:852: PWMSoftwareFallback: For more accurate readings, use the pigpio pin factory.See https://gpiozero.readthedocs.io/en/stable/api_input.html#distancesensor-hc-sr04 for more info
  warnings.warn(PWMSoftwareFallback(
[1;33m🛑 Stopping existing processes...[0m
[0;34m🚤 Starting AI Boat System...[0m
================================
[0;34m📡 Starting Flask API...[0m
[0;32m✅ Flask API started (PID: 48935) on port 5000[0m
/home/salamat/fish_project/start_dashboard.sh: line 33: logs/flask.log: Permission denied
[0;31m⚠️ Flask API may not have started properly[0m
[0;34m📊 Starting Streamlit Dashboard...[0m
[0;32m✅ Streamlit dashboard started (PID: 48977) on port 8501[0m
/home/salamat/fish_project/start_dashboard.sh: line 48: logs/streamlit.log: Permission denied
[0;34m🤖 Starting Pi Main Code...[0m
[0;32m✅ Pi main code started (PID: 49042)[0m
/home/salamat/fish_project/start_dashboard.sh: line 66: logs/flask.pid: Permission denied
/home/salamat/fish_project/start_dashboard.sh: line 61: logs/pi_main.log: Permission denied
/home/salamat/fish_project/start_dashboard.sh: line 67: logs/streamlit.pid: Permission denied
/home/salamat/fish_project/start_dashboard.sh: line 68: logs/pi.pid: Permission denied
================================
[0;32m✅ ALL SERVICES STARTED![0m
================================
[0;34m📍 Dashboard URL:[0m http://10.122.168.88:8501
[0;34m📡 API Endpoint:[0m http://10.122.168.88:5000
[0;34m📁 Log files:[0m logs/ directory
================================
[1;33m💡 Useful commands:[0m
  View Flask logs:     tail -f logs/flask.log
  View Dashboard logs: tail -f logs/streamlit.log
  View Pi logs:        tail -f logs/pi_main.log
  Stop all services:   ./stop_boat_system.sh
  Check status:        ./status_boat_system.sh
================================
[0;34m📋 Last few lines from Pi main code:[0m
/home/salamat/fish_project/venv/lib/python3.11/site-packages/gpiozero/input_devices.py:852: PWMSoftwareFallback: For more accurate readings, use the pigpio pin factory.See https://gpiozero.readthedocs.io/en/stable/api_input.html#distancesensor-hc-sr04 for more info
  warnings.warn(PWMSoftwareFallback(
[1;33m🛑 Stopping existing processes...[0m
[0;34m🚤 Starting AI Boat System...[0m
================================
[0;34m📡 Starting Flask API...[0m
[0;32m✅ Flask API started (PID: 49246) on port 5000[0m
/home/salamat/fish_project/start_dashboard.sh: line 33: logs/flask.log: Permission denied
[0;31m⚠️ Flask API may not have started properly[0m
[0;34m📊 Starting Streamlit Dashboard...[0m
[0;32m✅ Streamlit dashboard started (PID: 49289) on port 8501[0m
/home/salamat/fish_project/start_dashboard.sh: line 48: logs/streamlit.log: Permission denied
[0;34m🤖 Starting Pi Main Code...[0m
[0;32m✅ Pi main code started (PID: 49354)[0m
/home/salamat/fish_project/start_dashboard.sh: line 66: logs/flask.pid: Permission denied
/home/salamat/fish_project/start_dashboard.sh: line 61: logs/pi_main.log: Permission denied
/home/salamat/fish_project/start_dashboard.sh: line 67: logs/streamlit.pid: Permission denied
/home/salamat/fish_project/start_dashboard.sh: line 68: logs/pi.pid: Permission denied
================================
[0;32m✅ ALL SERVICES STARTED![0m
================================
[0;34m📍 Dashboard URL:[0m http://10.122.168.88:8501
[0;34m📡 API Endpoint:[0m http://10.122.168.88:5000
[0;34m📁 Log files:[0m logs/ directory
================================
[1;33m💡 Useful commands:[0m
  View Flask logs:     tail -f logs/flask.log
  View Dashboard logs: tail -f logs/streamlit.log
  View Pi logs:        tail -f logs/pi_main.log
  Stop all services:   ./stop_boat_system.sh
  Check status:        ./status_boat_system.sh
================================
[0;34m📋 Last few lines from Pi main code:[0m
/home/salamat/fish_project/venv/lib/python3.11/site-packages/gpiozero/input_devices.py:852: PWMSoftwareFallback: For more accurate readings, use the pigpio pin factory.See https://gpiozero.readthedocs.io/en/stable/api_input.html#distancesensor-hc-sr04 for more info
  warnings.warn(PWMSoftwareFallback(
[1;33m🛑 Stopping existing processes...[0m
[0;34m🚤 Starting AI Boat System...[0m
================================
[0;34m📡 Starting Flask API...[0m
[0;32m✅ Flask API started (PID: 49550) on port 5000[0m
/home/salamat/fish_project/start_dashboard.sh: line 33: logs/flask.log: Permission denied
[0;31m⚠️ Flask API may not have started properly[0m
[0;34m📊 Starting Streamlit Dashboard...[0m
[0;32m✅ Streamlit dashboard started (PID: 49595) on port 8501[0m
/home/salamat/fish_project/start_dashboard.sh: line 48: logs/streamlit.log: Permission denied
[0;34m🤖 Starting Pi Main Code...[0m
[0;32m✅ Pi main code started (PID: 49658)[0m
/home/salamat/fish_project/start_dashboard.sh: line 66: logs/flask.pid: Permission denied
/home/salamat/fish_project/start_dashboard.sh: line 61: logs/pi_main.log: Permission denied
/home/salamat/fish_project/start_dashboard.sh: line 67: logs/streamlit.pid: Permission denied
/home/salamat/fish_project/start_dashboard.sh: line 68: logs/pi.pid: Permission denied
================================
[0;32m✅ ALL SERVICES STARTED![0m
================================
[0;34m📍 Dashboard URL:[0m http://10.122.168.88:8501
[0;34m📡 API Endpoint:[0m http://10.122.168.88:5000
[0;34m📁 Log files:[0m logs/ directory
================================
[1;33m💡 Useful commands:[0m
  View Flask logs:     tail -f logs/flask.log
  View Dashboard logs: tail -f logs/streamlit.log
  View Pi logs:        tail -f logs/pi_main.log
  Stop all services:   ./stop_boat_system.sh
  Check status:        ./status_boat_system.sh
================================
[0;34m📋 Last few lines from Pi main code:[0m
/home/salamat/fish_project/venv/lib/python3.11/site-packages/gpiozero/input_devices.py:852: PWMSoftwareFallback: For more accurate readings, use the pigpio pin factory.See https://gpiozero.readthedocs.io/en/stable/api_input.html#distancesensor-hc-sr04 for more info
  warnings.warn(PWMSoftwareFallback(
[1;33m🛑 Stopping existing processes...[0m
[0;34m🚤 Starting AI Boat System...[0m
================================
[0;34m📡 Starting Flask API...[0m
[0;32m✅ Flask API started (PID: 49878) on port 5000[0m
/home/salamat/fish_project/start_dashboard.sh: line 33: logs/flask.log: Permission denied
[0;31m⚠️ Flask API may not have started properly[0m
[0;34m📊 Starting Streamlit Dashboard...[0m
[0;32m✅ Streamlit dashboard started (PID: 49922) on port 8501[0m
/home/salamat/fish_project/start_dashboard.sh: line 48: logs/streamlit.log: Permission denied
[0;34m🤖 Starting Pi Main Code...[0m
[0;32m✅ Pi main code started (PID: 49984)[0m
/home/salamat/fish_project/start_dashboard.sh: line 66: logs/flask.pid: Permission denied
/home/salamat/fish_project/start_dashboard.sh: line 61: logs/pi_main.log: Permission denied
/home/salamat/fish_project/start_dashboard.sh: line 67: logs/streamlit.pid: Permission denied
/home/salamat/fish_project/start_dashboard.sh: line 68: logs/pi.pid: Permission denied
================================
[0;32m✅ ALL SERVICES STARTED![0m
================================
[0;34m📍 Dashboard URL:[0m http://10.122.168.88:8501
[0;34m📡 API Endpoint:[0m http://10.122.168.88:5000
[0;34m📁 Log files:[0m logs/ directory
================================
[1;33m💡 Useful commands:[0m
  View Flask logs:     tail -f logs/flask.log
  View Dashboard logs: tail -f logs/streamlit.log
  View Pi logs:        tail -f logs/pi_main.log
  Stop all services:   ./stop_boat_system.sh
  Check status:        ./status_boat_system.sh
================================
[0;34m📋 Last few lines from Pi main code:[0m
/home/salamat/fish_project/venv/lib/python3.11/site-packages/gpiozero/input_devices.py:852: PWMSoftwareFallback: For more accurate readings, use the pigpio pin factory.See https://gpiozero.readthedocs.io/en/stable/api_input.html#distancesensor-hc-sr04 for more info
  warnings.warn(PWMSoftwareFallback(
[1;33m🛑 Stopping existing processes...[0m
[0;34m🚤 Starting AI Boat System...[0m
================================
[0;34m📡 Starting Flask API...[0m
[0;32m✅ Flask API started (PID: 50188) on port 5000[0m
/home/salamat/fish_project/start_dashboard.sh: line 33: logs/flask.log: Permission denied
[0;31m⚠️ Flask API may not have started properly[0m
[0;34m📊 Starting Streamlit Dashboard...[0m
[0;32m✅ Streamlit dashboard started (PID: 50231) on port 8501[0m
/home/salamat/fish_project/start_dashboard.sh: line 48: logs/streamlit.log: Permission denied
[0;34m🤖 Starting Pi Main Code...[0m
[0;32m✅ Pi main code started (PID: 50294)[0m
/home/salamat/fish_project/start_dashboard.sh: line 66: logs/flask.pid: Permission denied
/home/salamat/fish_project/start_dashboard.sh: line 61: logs/pi_main.log: Permission denied
/home/salamat/fish_project/start_dashboard.sh: line 67: logs/streamlit.pid: Permission denied
/home/salamat/fish_project/start_dashboard.sh: line 68: logs/pi.pid: Permission denied
================================
[0;32m✅ ALL SERVICES STARTED![0m
================================
[0;34m📍 Dashboard URL:[0m http://10.122.168.88:8501
[0;34m📡 API Endpoint:[0m http://10.122.168.88:5000
[0;34m📁 Log files:[0m logs/ directory
================================
[1;33m💡 Useful commands:[0m
  View Flask logs:     tail -f logs/flask.log
  View Dashboard logs: tail -f logs/streamlit.log
  View Pi logs:        tail -f logs/pi_main.log
  Stop all services:   ./stop_boat_system.sh
  Check status:        ./status_boat_system.sh
================================
[0;34m📋 Last few lines from Pi main code:[0m
/home/salamat/fish_project/venv/lib/python3.11/site-packages/gpiozero/input_devices.py:852: PWMSoftwareFallback: For more accurate readings, use the pigpio pin factory.See https://gpiozero.readthedocs.io/en/stable/api_input.html#distancesensor-hc-sr04 for more info
  warnings.warn(PWMSoftwareFallback(
[1;33m🛑 Stopping existing processes...[0m
[0;34m🚤 Starting AI Boat System...[0m
================================
[0;34m📡 Starting Flask API...[0m
[0;32m✅ Flask API started (PID: 50496) on port 5000[0m
/home/salamat/fish_project/start_dashboard.sh: line 33: logs/flask.log: Permission denied
[0;31m⚠️ Flask API may not have started properly[0m
[0;34m📊 Starting Streamlit Dashboard...[0m
[0;32m✅ Streamlit dashboard started (PID: 50539) on port 8501[0m
/home/salamat/fish_project/start_dashboard.sh: line 48: logs/streamlit.log: Permission denied
[0;34m🤖 Starting Pi Main Code...[0m
[0;32m✅ Pi main code started (PID: 50600)[0m
/home/salamat/fish_project/start_dashboard.sh: line 61: logs/pi_main.log: Permission denied
/home/salamat/fish_project/start_dashboard.sh: line 66: logs/flask.pid: Permission denied
/home/salamat/fish_project/start_dashboard.sh: line 67: logs/streamlit.pid: Permission denied
/home/salamat/fish_project/start_dashboard.sh: line 68: logs/pi.pid: Permission denied
================================
[0;32m✅ ALL SERVICES STARTED![0m
================================
[0;34m📍 Dashboard URL:[0m http://10.122.168.88:8501
[0;34m📡 API Endpoint:[0m http://10.122.168.88:5000
[0;34m📁 Log files:[0m logs/ directory
================================
[1;33m💡 Useful commands:[0m
  View Flask logs:     tail -f logs/flask.log
  View Dashboard logs: tail -f logs/streamlit.log
  View Pi logs:        tail -f logs/pi_main.log
  Stop all services:   ./stop_boat_system.sh
  Check status:        ./status_boat_system.sh
================================
[0;34m📋 Last few lines from Pi main code:[0m
/home/salamat/fish_project/venv/lib/python3.11/site-packages/gpiozero/input_devices.py:852: PWMSoftwareFallback: For more accurate readings, use the pigpio pin factory.See https://gpiozero.readthedocs.io/en/stable/api_input.html#distancesensor-hc-sr04 for more info
  warnings.warn(PWMSoftwareFallback(
[1;33m🛑 Stopping existing processes...[0m
[0;34m🚤 Starting AI Boat System...[0m
================================
[0;34m📡 Starting Flask API...[0m
[0;32m✅ Flask API started (PID: 50802) on port 5000[0m
/home/salamat/fish_project/start_dashboard.sh: line 33: logs/flask.log: Permission denied
[0;31m⚠️ Flask API may not have started properly[0m
[0;34m📊 Starting Streamlit Dashboard...[0m
[0;32m✅ Streamlit dashboard started (PID: 50848) on port 8501[0m
/home/salamat/fish_project/start_dashboard.sh: line 48: logs/streamlit.log: Permission denied
[0;34m🤖 Starting Pi Main Code...[0m
[0;32m✅ Pi main code started (PID: 50922)[0m
/home/salamat/fish_project/start_dashboard.sh: line 66: logs/flask.pid: Permission denied
/home/salamat/fish_project/start_dashboard.sh: line 61: logs/pi_main.log: Permission denied
/home/salamat/fish_project/start_dashboard.sh: line 67: logs/streamlit.pid: Permission denied
/home/salamat/fish_project/start_dashboard.sh: line 68: logs/pi.pid: Permission denied
================================
[0;32m✅ ALL SERVICES STARTED![0m
================================
[0;34m📍 Dashboard URL:[0m http://10.122.168.88:8501
[0;34m📡 API Endpoint:[0m http://10.122.168.88:5000
[0;34m📁 Log files:[0m logs/ directory
================================
[1;33m💡 Useful commands:[0m
  View Flask logs:     tail -f logs/flask.log
  View Dashboard logs: tail -f logs/streamlit.log
  View Pi logs:        tail -f logs/pi_main.log
  Stop all services:   ./stop_boat_system.sh
  Check status:        ./status_boat_system.sh
================================
[0;34m📋 Last few lines from Pi main code:[0m
/home/salamat/fish_project/venv/lib/python3.11/site-packages/gpiozero/input_devices.py:852: PWMSoftwareFallback: For more accurate readings, use the pigpio pin factory.See https://gpiozero.readthedocs.io/en/stable/api_input.html#distancesensor-hc-sr04 for more info
  warnings.warn(PWMSoftwareFallback(
[1;33m🛑 Stopping existing processes...[0m
[0;34m🚤 Starting AI Boat System...[0m
================================
[0;34m📡 Starting Flask API...[0m
[0;32m✅ Flask API started (PID: 51124) on port 5000[0m
/home/salamat/fish_project/start_dashboard.sh: line 33: logs/flask.log: Permission denied
[0;31m⚠️ Flask API may not have started properly[0m
[0;34m📊 Starting Streamlit Dashboard...[0m
[0;32m✅ Streamlit dashboard started (PID: 51167) on port 8501[0m
/home/salamat/fish_project/start_dashboard.sh: line 48: logs/streamlit.log: Permission denied
[0;34m🤖 Starting Pi Main Code...[0m
[0;32m✅ Pi main code started (PID: 51231)[0m
/home/salamat/fish_project/start_dashboard.sh: line 66: logs/flask.pid: Permission denied
/home/salamat/fish_project/start_dashboard.sh: line 61: logs/pi_main.log: Permission denied
/home/salamat/fish_project/start_dashboard.sh: line 67: logs/streamlit.pid: Permission denied
/home/salamat/fish_project/start_dashboard.sh: line 68: logs/pi.pid: Permission denied
================================
[0;32m✅ ALL SERVICES STARTED![0m
================================
[0;34m📍 Dashboard URL:[0m http://10.122.168.88:8501
[0;34m📡 API Endpoint:[0m http://10.122.168.88:5000
[0;34m📁 Log files:[0m logs/ directory
================================
[1;33m💡 Useful commands:[0m
  View Flask logs:     tail -f logs/flask.log
  View Dashboard logs: tail -f logs/streamlit.log
  View Pi logs:        tail -f logs/pi_main.log
  Stop all services:   ./stop_boat_system.sh
  Check status:        ./status_boat_system.sh
================================
[0;34m📋 Last few lines from Pi main code:[0m
/home/salamat/fish_project/venv/lib/python3.11/site-packages/gpiozero/input_devices.py:852: PWMSoftwareFallback: For more accurate readings, use the pigpio pin factory.See https://gpiozero.readthedocs.io/en/stable/api_input.html#distancesensor-hc-sr04 for more info
  warnings.warn(PWMSoftwareFallback(
[1;33m🛑 Stopping existing processes...[0m
[0;34m🚤 Starting AI Boat System...[0m
================================
[0;34m📡 Starting Flask API...[0m
[0;32m✅ Flask API started (PID: 51432) on port 5000[0m
/home/salamat/fish_project/start_dashboard.sh: line 33: logs/flask.log: Permission denied
[0;31m⚠️ Flask API may not have started properly[0m
[0;34m📊 Starting Streamlit Dashboard...[0m
/home/salamat/fish_project/start_dashboard.sh: line 48: logs/streamlit.log: Permission denied
[0;32m✅ Streamlit dashboard started (PID: 51474) on port 8501[0m
[0;34m🤖 Starting Pi Main Code...[0m
[0;32m✅ Pi main code started (PID: 51540)[0m
/home/salamat/fish_project/start_dashboard.sh: line 66: logs/flask.pid: Permission denied
/home/salamat/fish_project/start_dashboard.sh: line 61: logs/pi_main.log: Permission denied
/home/salamat/fish_project/start_dashboard.sh: line 67: logs/streamlit.pid: Permission denied
/home/salamat/fish_project/start_dashboard.sh: line 68: logs/pi.pid: Permission denied
================================
[0;32m✅ ALL SERVICES STARTED![0m
================================
[0;34m📍 Dashboard URL:[0m http://10.122.168.88:8501
[0;34m📡 API Endpoint:[0m http://10.122.168.88:5000
[0;34m📁 Log files:[0m logs/ directory
================================
[1;33m💡 Useful commands:[0m
  View Flask logs:     tail -f logs/flask.log
  View Dashboard logs: tail -f logs/streamlit.log
  View Pi logs:        tail -f logs/pi_main.log
  Stop all services:   ./stop_boat_system.sh
  Check status:        ./status_boat_system.sh
================================
[0;34m📋 Last few lines from Pi main code:[0m
/home/salamat/fish_project/venv/lib/python3.11/site-packages/gpiozero/input_devices.py:852: PWMSoftwareFallback: For more accurate readings, use the pigpio pin factory.See https://gpiozero.readthedocs.io/en/stable/api_input.html#distancesensor-hc-sr04 for more info
  warnings.warn(PWMSoftwareFallback(
[1;33m🛑 Stopping existing processes...[0m
[0;34m🚤 Starting AI Boat System...[0m
================================
[0;34m📡 Starting Flask API...[0m
[0;32m✅ Flask API started (PID: 51761) on port 5000[0m
/home/salamat/fish_project/start_dashboard.sh: line 33: logs/flask.log: Permission denied
[0;31m⚠️ Flask API may not have started properly[0m
[0;34m📊 Starting Streamlit Dashboard...[0m
[0;32m✅ Streamlit dashboard started (PID: 51804) on port 8501[0m
/home/salamat/fish_project/start_dashboard.sh: line 48: logs/streamlit.log: Permission denied
[0;34m🤖 Starting Pi Main Code...[0m
[0;32m✅ Pi main code started (PID: 51867)[0m
/home/salamat/fish_project/start_dashboard.sh: line 66: logs/flask.pid: Permission denied
/home/salamat/fish_project/start_dashboard.sh: line 61: logs/pi_main.log: Permission denied
/home/salamat/fish_project/start_dashboard.sh: line 67: logs/streamlit.pid: Permission denied
/home/salamat/fish_project/start_dashboard.sh: line 68: logs/pi.pid: Permission denied
================================
[0;32m✅ ALL SERVICES STARTED![0m
================================
[0;34m📍 Dashboard URL:[0m http://10.122.168.88:8501
[0;34m📡 API Endpoint:[0m http://10.122.168.88:5000
[0;34m📁 Log files:[0m logs/ directory
================================
[1;33m💡 Useful commands:[0m
  View Flask logs:     tail -f logs/flask.log
  View Dashboard logs: tail -f logs/streamlit.log
  View Pi logs:        tail -f logs/pi_main.log
  Stop all services:   ./stop_boat_system.sh
  Check status:        ./status_boat_system.sh
================================
[0;34m📋 Last few lines from Pi main code:[0m
/home/salamat/fish_project/venv/lib/python3.11/site-packages/gpiozero/input_devices.py:852: PWMSoftwareFallback: For more accurate readings, use the pigpio pin factory.See https://gpiozero.readthedocs.io/en/stable/api_input.html#distancesensor-hc-sr04 for more info
  warnings.warn(PWMSoftwareFallback(
[1;33m🛑 Stopping existing processes...[0m
[0;34m🚤 Starting AI Boat System...[0m
================================
[0;34m📡 Starting Flask API...[0m
[0;32m✅ Flask API started (PID: 52067) on port 5000[0m
/home/salamat/fish_project/start_dashboard.sh: line 33: logs/flask.log: Permission denied
[0;31m⚠️ Flask API may not have started properly[0m
[0;34m📊 Starting Streamlit Dashboard...[0m
[0;32m✅ Streamlit dashboard started (PID: 52111) on port 8501[0m
/home/salamat/fish_project/start_dashboard.sh: line 48: logs/streamlit.log: Permission denied
[0;34m🤖 Starting Pi Main Code...[0m
[0;32m✅ Pi main code started (PID: 52175)[0m
/home/salamat/fish_project/start_dashboard.sh: line 66: logs/flask.pid: Permission denied
/home/salamat/fish_project/start_dashboard.sh: line 61: logs/pi_main.log: Permission denied
/home/salamat/fish_project/start_dashboard.sh: line 67: logs/streamlit.pid: Permission denied
/home/salamat/fish_project/start_dashboard.sh: line 68: logs/pi.pid: Permission denied
================================
[0;32m✅ ALL SERVICES STARTED![0m
================================
[0;34m📍 Dashboard URL:[0m http://10.122.168.88:8501
[0;34m📡 API Endpoint:[0m http://10.122.168.88:5000
[0;34m📁 Log files:[0m logs/ directory
================================
[1;33m💡 Useful commands:[0m
  View Flask logs:     tail -f logs/flask.log
  View Dashboard logs: tail -f logs/streamlit.log
  View Pi logs:        tail -f logs/pi_main.log
  Stop all services:   ./stop_boat_system.sh
  Check status:        ./status_boat_system.sh
================================
[0;34m📋 Last few lines from Pi main code:[0m
/home/salamat/fish_project/venv/lib/python3.11/site-packages/gpiozero/input_devices.py:852: PWMSoftwareFallback: For more accurate readings, use the pigpio pin factory.See https://gpiozero.readthedocs.io/en/stable/api_input.html#distancesensor-hc-sr04 for more info
  warnings.warn(PWMSoftwareFallback(
[1;33m🛑 Stopping existing processes...[0m
[0;34m🚤 Starting AI Boat System...[0m
================================
[0;34m📡 Starting Flask API...[0m
[0;32m✅ Flask API started (PID: 52377) on port 5000[0m
/home/salamat/fish_project/start_dashboard.sh: line 33: logs/flask.log: Permission denied
[0;31m⚠️ Flask API may not have started properly[0m
[0;34m📊 Starting Streamlit Dashboard...[0m
[0;32m✅ Streamlit dashboard started (PID: 52420) on port 8501[0m
/home/salamat/fish_project/start_dashboard.sh: line 48: logs/streamlit.log: Permission denied
[0;34m🤖 Starting Pi Main Code...[0m
[0;32m✅ Pi main code started (PID: 52485)[0m
/home/salamat/fish_project/start_dashboard.sh: line 66: logs/flask.pid: Permission denied
/home/salamat/fish_project/start_dashboard.sh: line 61: logs/pi_main.log: Permission denied
/home/salamat/fish_project/start_dashboard.sh: line 67: logs/streamlit.pid: Permission denied
/home/salamat/fish_project/start_dashboard.sh: line 68: logs/pi.pid: Permission denied
================================
[0;32m✅ ALL SERVICES STARTED![0m
================================
[0;34m📍 Dashboard URL:[0m http://10.122.168.88:8501
[0;34m📡 API Endpoint:[0m http://10.122.168.88:5000
[0;34m📁 Log files:[0m logs/ directory
================================
[1;33m💡 Useful commands:[0m
  View Flask logs:     tail -f logs/flask.log
  View Dashboard logs: tail -f logs/streamlit.log
  View Pi logs:        tail -f logs/pi_main.log
  Stop all services:   ./stop_boat_system.sh
  Check status:        ./status_boat_system.sh
================================
[0;34m📋 Last few lines from Pi main code:[0m
/home/salamat/fish_project/venv/lib/python3.11/site-packages/gpiozero/input_devices.py:852: PWMSoftwareFallback: For more accurate readings, use the pigpio pin factory.See https://gpiozero.readthedocs.io/en/stable/api_input.html#distancesensor-hc-sr04 for more info
  warnings.warn(PWMSoftwareFallback(
[1;33m🛑 Stopping existing processes...[0m
[0;34m🚤 Starting AI Boat System...[0m
================================
[0;34m📡 Starting Flask API...[0m
[0;32m✅ Flask API started (PID: 52685) on port 5000[0m
/home/salamat/fish_project/start_dashboard.sh: line 33: logs/flask.log: Permission denied
[0;31m⚠️ Flask API may not have started properly[0m
[0;34m📊 Starting Streamlit Dashboard...[0m
[0;32m✅ Streamlit dashboard started (PID: 52728) on port 8501[0m
/home/salamat/fish_project/start_dashboard.sh: line 48: logs/streamlit.log: Permission denied
[0;34m🤖 Starting Pi Main Code...[0m
[0;32m✅ Pi main code started (PID: 52796)[0m
/home/salamat/fish_project/start_dashboard.sh: line 66: logs/flask.pid: Permission denied
/home/salamat/fish_project/start_dashboard.sh: line 61: logs/pi_main.log: Permission denied
/home/salamat/fish_project/start_dashboard.sh: line 67: logs/streamlit.pid: Permission denied
/home/salamat/fish_project/start_dashboard.sh: line 68: logs/pi.pid: Permission denied
================================
[0;32m✅ ALL SERVICES STARTED![0m
================================
[0;34m📍 Dashboard URL:[0m http://10.122.168.88:8501
[0;34m📡 API Endpoint:[0m http://10.122.168.88:5000
[0;34m📁 Log files:[0m logs/ directory
================================
[1;33m💡 Useful commands:[0m
  View Flask logs:     tail -f logs/flask.log
  View Dashboard logs: tail -f logs/streamlit.log
  View Pi logs:        tail -f logs/pi_main.log
  Stop all services:   ./stop_boat_system.sh
  Check status:        ./status_boat_system.sh
================================
[0;34m📋 Last few lines from Pi main code:[0m
/home/salamat/fish_project/venv/lib/python3.11/site-packages/gpiozero/input_devices.py:852: PWMSoftwareFallback: For more accurate readings, use the pigpio pin factory.See https://gpiozero.readthedocs.io/en/stable/api_input.html#distancesensor-hc-sr04 for more info
  warnings.warn(PWMSoftwareFallback(
[1;33m🛑 Stopping existing processes...[0m
[0;34m🚤 Starting AI Boat System...[0m
================================
[0;34m📡 Starting Flask API...[0m
[0;32m✅ Flask API started (PID: 52995) on port 5000[0m
/home/salamat/fish_project/start_dashboard.sh: line 33: logs/flask.log: Permission denied
[0;31m⚠️ Flask API may not have started properly[0m
[0;34m📊 Starting Streamlit Dashboard...[0m
[0;32m✅ Streamlit dashboard started (PID: 53041) on port 8501[0m
/home/salamat/fish_project/start_dashboard.sh: line 48: logs/streamlit.log: Permission denied
[0;34m🤖 Starting Pi Main Code...[0m
[0;32m✅ Pi main code started (PID: 53122)[0m
/home/salamat/fish_project/start_dashboard.sh: line 66: logs/flask.pid: Permission denied
/home/salamat/fish_project/start_dashboard.sh: line 61: logs/pi_main.log: Permission denied
/home/salamat/fish_project/start_dashboard.sh: line 67: logs/streamlit.pid: Permission denied
/home/salamat/fish_project/start_dashboard.sh: line 68: logs/pi.pid: Permission denied
================================
[0;32m✅ ALL SERVICES STARTED![0m
================================
[0;34m📍 Dashboard URL:[0m http://10.122.168.88:8501
[0;34m📡 API Endpoint:[0m http://10.122.168.88:5000
[0;34m📁 Log files:[0m logs/ directory
================================
[1;33m💡 Useful commands:[0m
  View Flask logs:     tail -f logs/flask.log
  View Dashboard logs: tail -f logs/streamlit.log
  View Pi logs:        tail -f logs/pi_main.log
  Stop all services:   ./stop_boat_system.sh
  Check status:        ./status_boat_system.sh
================================
[0;34m📋 Last few lines from Pi main code:[0m
/home/salamat/fish_project/venv/lib/python3.11/site-packages/gpiozero/input_devices.py:852: PWMSoftwareFallback: For more accurate readings, use the pigpio pin factory.See https://gpiozero.readthedocs.io/en/stable/api_input.html#distancesensor-hc-sr04 for more info
  warnings.warn(PWMSoftwareFallback(
[1;33m🛑 Stopping existing processes...[0m
[0;34m🚤 Starting AI Boat System...[0m
================================
[0;34m📡 Starting Flask API...[0m
[0;32m✅ Flask API started (PID: 53325) on port 5000[0m
/home/salamat/fish_project/start_dashboard.sh: line 33: logs/flask.log: Permission denied
[0;31m⚠️ Flask API may not have started properly[0m
[0;34m📊 Starting Streamlit Dashboard...[0m
[0;32m✅ Streamlit dashboard started (PID: 53369) on port 8501[0m
/home/salamat/fish_project/start_dashboard.sh: line 48: logs/streamlit.log: Permission denied
[0;34m🤖 Starting Pi Main Code...[0m
[0;32m✅ Pi main code started (PID: 53433)[0m
/home/salamat/fish_project/start_dashboard.sh: line 66: logs/flask.pid: Permission denied
/home/salamat/fish_project/start_dashboard.sh: line 61: logs/pi_main.log: Permission denied
/home/salamat/fish_project/start_dashboard.sh: line 67: logs/streamlit.pid: Permission denied
/home/salamat/fish_project/start_dashboard.sh: line 68: logs/pi.pid: Permission denied
================================
[0;32m✅ ALL SERVICES STARTED![0m
================================
[0;34m📍 Dashboard URL:[0m http://10.122.168.88:8501
[0;34m📡 API Endpoint:[0m http://10.122.168.88:5000
[0;34m📁 Log files:[0m logs/ directory
================================
[1;33m💡 Useful commands:[0m
  View Flask logs:     tail -f logs/flask.log
  View Dashboard logs: tail -f logs/streamlit.log
  View Pi logs:        tail -f logs/pi_main.log
  Stop all services:   ./stop_boat_system.sh
  Check status:        ./status_boat_system.sh
================================
[0;34m📋 Last few lines from Pi main code:[0m
/home/salamat/fish_project/venv/lib/python3.11/site-packages/gpiozero/input_devices.py:852: PWMSoftwareFallback: For more accurate readings, use the pigpio pin factory.See https://gpiozero.readthedocs.io/en/stable/api_input.html#distancesensor-hc-sr04 for more info
  warnings.warn(PWMSoftwareFallback(
[1;33m🛑 Stopping existing processes...[0m
[0;34m🚤 Starting AI Boat System...[0m
================================
[0;34m📡 Starting Flask API...[0m
[0;32m✅ Flask API started (PID: 53633) on port 5000[0m
/home/salamat/fish_project/start_dashboard.sh: line 33: logs/flask.log: Permission denied
[0;31m⚠️ Flask API may not have started properly[0m
[0;34m📊 Starting Streamlit Dashboard...[0m
[0;32m✅ Streamlit dashboard started (PID: 53676) on port 8501[0m
/home/salamat/fish_project/start_dashboard.sh: line 48: logs/streamlit.log: Permission denied
[0;34m🤖 Starting Pi Main Code...[0m
[0;32m✅ Pi main code started (PID: 53760)[0m
/home/salamat/fish_project/start_dashboard.sh: line 66: logs/flask.pid: Permission denied
/home/salamat/fish_project/start_dashboard.sh: line 61: logs/pi_main.log: Permission denied
/home/salamat/fish_project/start_dashboard.sh: line 67: logs/streamlit.pid: Permission denied
/home/salamat/fish_project/start_dashboard.sh: line 68: logs/pi.pid: Permission denied
================================
[0;32m✅ ALL SERVICES STARTED![0m
================================
[0;34m📍 Dashboard URL:[0m http://10.122.168.88:8501
[0;34m📡 API Endpoint:[0m http://10.122.168.88:5000
[0;34m📁 Log files:[0m logs/ directory
================================
[1;33m💡 Useful commands:[0m
  View Flask logs:     tail -f logs/flask.log
  View Dashboard logs: tail -f logs/streamlit.log
  View Pi logs:        tail -f logs/pi_main.log
  Stop all services:   ./stop_boat_system.sh
  Check status:        ./status_boat_system.sh
================================
[0;34m📋 Last few lines from Pi main code:[0m
/home/salamat/fish_project/venv/lib/python3.11/site-packages/gpiozero/input_devices.py:852: PWMSoftwareFallback: For more accurate readings, use the pigpio pin factory.See https://gpiozero.readthedocs.io/en/stable/api_input.html#distancesensor-hc-sr04 for more info
  warnings.warn(PWMSoftwareFallback(
[1;33m🛑 Stopping existing processes...[0m
[0;34m🚤 Starting AI Boat System...[0m
================================
[0;34m📡 Starting Flask API...[0m
[0;32m✅ Flask API started (PID: 53961) on port 5000[0m
/home/salamat/fish_project/start_dashboard.sh: line 33: logs/flask.log: Permission denied
[0;31m⚠️ Flask API may not have started properly[0m
[0;34m📊 Starting Streamlit Dashboard...[0m
[0;32m✅ Streamlit dashboard started (PID: 54006) on port 8501[0m
/home/salamat/fish_project/start_dashboard.sh: line 48: logs/streamlit.log: Permission denied
[0;34m🤖 Starting Pi Main Code...[0m
[0;32m✅ Pi main code started (PID: 54067)[0m
/home/salamat/fish_project/start_dashboard.sh: line 66: logs/flask.pid: Permission denied
/home/salamat/fish_project/start_dashboard.sh: line 61: logs/pi_main.log: Permission denied
/home/salamat/fish_project/start_dashboard.sh: line 67: logs/streamlit.pid: Permission denied
/home/salamat/fish_project/start_dashboard.sh: line 68: logs/pi.pid: Permission denied
================================
[0;32m✅ ALL SERVICES STARTED![0m
================================
[0;34m📍 Dashboard URL:[0m http://10.122.168.88:8501
[0;34m📡 API Endpoint:[0m http://10.122.168.88:5000
[0;34m📁 Log files:[0m logs/ directory
================================
[1;33m💡 Useful commands:[0m
  View Flask logs:     tail -f logs/flask.log
  View Dashboard logs: tail -f logs/streamlit.log
  View Pi logs:        tail -f logs/pi_main.log
  Stop all services:   ./stop_boat_system.sh
  Check status:        ./status_boat_system.sh
================================
[0;34m📋 Last few lines from Pi main code:[0m
/home/salamat/fish_project/venv/lib/python3.11/site-packages/gpiozero/input_devices.py:852: PWMSoftwareFallback: For more accurate readings, use the pigpio pin factory.See https://gpiozero.readthedocs.io/en/stable/api_input.html#distancesensor-hc-sr04 for more info
  warnings.warn(PWMSoftwareFallback(
[1;33m🛑 Stopping existing processes...[0m
[0;34m🚤 Starting AI Boat System...[0m
================================
[0;34m📡 Starting Flask API...[0m
[0;32m✅ Flask API started (PID: 54269) on port 5000[0m
/home/salamat/fish_project/start_dashboard.sh: line 33: logs/flask.log: Permission denied
[0;31m⚠️ Flask API may not have started properly[0m
[0;34m📊 Starting Streamlit Dashboard...[0m
[0;32m✅ Streamlit dashboard started (PID: 54313) on port 8501[0m
/home/salamat/fish_project/start_dashboard.sh: line 48: logs/streamlit.log: Permission denied
[0;34m🤖 Starting Pi Main Code...[0m
[0;32m✅ Pi main code started (PID: 54375)[0m
/home/salamat/fish_project/start_dashboard.sh: line 66: logs/flask.pid: Permission denied
/home/salamat/fish_project/start_dashboard.sh: line 61: logs/pi_main.log: Permission denied
/home/salamat/fish_project/start_dashboard.sh: line 67: logs/streamlit.pid: Permission denied
/home/salamat/fish_project/start_dashboard.sh: line 68: logs/pi.pid: Permission denied
================================
[0;32m✅ ALL SERVICES STARTED![0m
================================
[0;34m📍 Dashboard URL:[0m http://10.122.168.88:8501
[0;34m📡 API Endpoint:[0m http://10.122.168.88:5000
[0;34m📁 Log files:[0m logs/ directory
================================
[1;33m💡 Useful commands:[0m
  View Flask logs:     tail -f logs/flask.log
  View Dashboard logs: tail -f logs/streamlit.log
  View Pi logs:        tail -f logs/pi_main.log
  Stop all services:   ./stop_boat_system.sh
  Check status:        ./status_boat_system.sh
================================
[0;34m📋 Last few lines from Pi main code:[0m
/home/salamat/fish_project/venv/lib/python3.11/site-packages/gpiozero/input_devices.py:852: PWMSoftwareFallback: For more accurate readings, use the pigpio pin factory.See https://gpiozero.readthedocs.io/en/stable/api_input.html#distancesensor-hc-sr04 for more info
  warnings.warn(PWMSoftwareFallback(
[1;33m🛑 Stopping existing processes...[0m
[0;34m🚤 Starting AI Boat System...[0m
================================
[0;34m📡 Starting Flask API...[0m
[0;32m✅ Flask API started (PID: 54577) on port 5000[0m
/home/salamat/fish_project/start_dashboard.sh: line 33: logs/flask.log: Permission denied
[0;31m⚠️ Flask API may not have started properly[0m
[0;34m📊 Starting Streamlit Dashboard...[0m
[0;32m✅ Streamlit dashboard started (PID: 54620) on port 8501[0m
/home/salamat/fish_project/start_dashboard.sh: line 48: logs/streamlit.log: Permission denied
[0;34m🤖 Starting Pi Main Code...[0m
[0;32m✅ Pi main code started (PID: 54684)[0m
/home/salamat/fish_project/start_dashboard.sh: line 66: logs/flask.pid: Permission denied
/home/salamat/fish_project/start_dashboard.sh: line 61: logs/pi_main.log: Permission denied
/home/salamat/fish_project/start_dashboard.sh: line 67: logs/streamlit.pid: Permission denied
/home/salamat/fish_project/start_dashboard.sh: line 68: logs/pi.pid: Permission denied
================================
[0;32m✅ ALL SERVICES STARTED![0m
================================
[0;34m📍 Dashboard URL:[0m http://10.122.168.88:8501
[0;34m📡 API Endpoint:[0m http://10.122.168.88:5000
[0;34m📁 Log files:[0m logs/ directory
================================
[1;33m💡 Useful commands:[0m
  View Flask logs:     tail -f logs/flask.log
  View Dashboard logs: tail -f logs/streamlit.log
  View Pi logs:        tail -f logs/pi_main.log
  Stop all services:   ./stop_boat_system.sh
  Check status:        ./status_boat_system.sh
================================
[0;34m📋 Last few lines from Pi main code:[0m
/home/salamat/fish_project/venv/lib/python3.11/site-packages/gpiozero/input_devices.py:852: PWMSoftwareFallback: For more accurate readings, use the pigpio pin factory.See https://gpiozero.readthedocs.io/en/stable/api_input.html#distancesensor-hc-sr04 for more info
  warnings.warn(PWMSoftwareFallback(
[1;33m🛑 Stopping existing processes...[0m
[0;34m🚤 Starting AI Boat System...[0m
================================
[0;34m📡 Starting Flask API...[0m
/home/salamat/fish_project/start_dashboard.sh: line 33: logs/flask.log: Permission denied
[0;32m✅ Flask API started (PID: 54895) on port 5000[0m
[0;31m⚠️ Flask API may not have started properly[0m
[0;34m📊 Starting Streamlit Dashboard...[0m
[0;32m✅ Streamlit dashboard started (PID: 54938) on port 8501[0m
/home/salamat/fish_project/start_dashboard.sh: line 48: logs/streamlit.log: Permission denied
[0;34m🤖 Starting Pi Main Code...[0m
[0;32m✅ Pi main code started (PID: 55001)[0m
/home/salamat/fish_project/start_dashboard.sh: line 66: logs/flask.pid: Permission denied
/home/salamat/fish_project/start_dashboard.sh: line 61: logs/pi_main.log: Permission denied
/home/salamat/fish_project/start_dashboard.sh: line 67: logs/streamlit.pid: Permission denied
/home/salamat/fish_project/start_dashboard.sh: line 68: logs/pi.pid: Permission denied
================================
[0;32m✅ ALL SERVICES STARTED![0m
================================
[0;34m📍 Dashboard URL:[0m http://10.122.168.88:8501
[0;34m📡 API Endpoint:[0m http://10.122.168.88:5000
[0;34m📁 Log files:[0m logs/ directory
================================
[1;33m💡 Useful commands:[0m
  View Flask logs:     tail -f logs/flask.log
  View Dashboard logs: tail -f logs/streamlit.log
  View Pi logs:        tail -f logs/pi_main.log
  Stop all services:   ./stop_boat_system.sh
  Check status:        ./status_boat_system.sh
================================
[0;34m📋 Last few lines from Pi main code:[0m
/home/salamat/fish_project/venv/lib/python3.11/site-packages/gpiozero/input_devices.py:852: PWMSoftwareFallback: For more accurate readings, use the pigpio pin factory.See https://gpiozero.readthedocs.io/en/stable/api_input.html#distancesensor-hc-sr04 for more info
  warnings.warn(PWMSoftwareFallback(
[1;33m🛑 Stopping existing processes...[0m
[0;34m🚤 Starting AI Boat System...[0m
================================
[0;34m📡 Starting Flask API...[0m
[0;32m✅ Flask API started (PID: 55203) on port 5000[0m
/home/salamat/fish_project/start_dashboard.sh: line 33: logs/flask.log: Permission denied
[0;31m⚠️ Flask API may not have started properly[0m
[0;34m📊 Starting Streamlit Dashboard...[0m
[0;32m✅ Streamlit dashboard started (PID: 55250) on port 8501[0m
/home/salamat/fish_project/start_dashboard.sh: line 48: logs/streamlit.log: Permission denied
[0;34m🤖 Starting Pi Main Code...[0m
[0;32m✅ Pi main code started (PID: 55311)[0m
/home/salamat/fish_project/start_dashboard.sh: line 66: logs/flask.pid: Permission denied
/home/salamat/fish_project/start_dashboard.sh: line 61: logs/pi_main.log: Permission denied
/home/salamat/fish_project/start_dashboard.sh: line 67: logs/streamlit.pid: Permission denied
/home/salamat/fish_project/start_dashboard.sh: line 68: logs/pi.pid: Permission denied
================================
[0;32m✅ ALL SERVICES STARTED![0m
================================
[0;34m📍 Dashboard URL:[0m http://10.122.168.88:8501
[0;34m📡 API Endpoint:[0m http://10.122.168.88:5000
[0;34m📁 Log files:[0m logs/ directory
================================
[1;33m💡 Useful commands:[0m
  View Flask logs:     tail -f logs/flask.log
  View Dashboard logs: tail -f logs/streamlit.log
  View Pi logs:        tail -f logs/pi_main.log
  Stop all services:   ./stop_boat_system.sh
  Check status:        ./status_boat_system.sh
================================
[0;34m📋 Last few lines from Pi main code:[0m
/home/salamat/fish_project/venv/lib/python3.11/site-packages/gpiozero/input_devices.py:852: PWMSoftwareFallback: For more accurate readings, use the pigpio pin factory.See https://gpiozero.readthedocs.io/en/stable/api_input.html#distancesensor-hc-sr04 for more info
  warnings.warn(PWMSoftwareFallback(
[1;33m🛑 Stopping existing processes...[0m
[0;34m🚤 Starting AI Boat System...[0m
================================
[0;34m📡 Starting Flask API...[0m
[0;32m✅ Flask API started (PID: 55515) on port 5000[0m
/home/salamat/fish_project/start_dashboard.sh: line 33: logs/flask.log: Permission denied
[0;31m⚠️ Flask API may not have started properly[0m
[0;34m📊 Starting Streamlit Dashboard...[0m
[0;32m✅ Streamlit dashboard started (PID: 55559) on port 8501[0m
/home/salamat/fish_project/start_dashboard.sh: line 48: logs/streamlit.log: Permission denied
[0;34m🤖 Starting Pi Main Code...[0m
[0;32m✅ Pi main code started (PID: 55621)[0m
/home/salamat/fish_project/start_dashboard.sh: line 66: logs/flask.pid: Permission denied
/home/salamat/fish_project/start_dashboard.sh: line 61: logs/pi_main.log: Permission denied
/home/salamat/fish_project/start_dashboard.sh: line 67: logs/streamlit.pid: Permission denied
/home/salamat/fish_project/start_dashboard.sh: line 68: logs/pi.pid: Permission denied
================================
[0;32m✅ ALL SERVICES STARTED![0m
================================
[0;34m📍 Dashboard URL:[0m http://10.122.168.88:8501
[0;34m📡 API Endpoint:[0m http://10.122.168.88:5000
[0;34m📁 Log files:[0m logs/ directory
================================
[1;33m💡 Useful commands:[0m
  View Flask logs:     tail -f logs/flask.log
  View Dashboard logs: tail -f logs/streamlit.log
  View Pi logs:        tail -f logs/pi_main.log
  Stop all services:   ./stop_boat_system.sh
  Check status:        ./status_boat_system.sh
================================
[0;34m📋 Last few lines from Pi main code:[0m
/home/salamat/fish_project/venv/lib/python3.11/site-packages/gpiozero/input_devices.py:852: PWMSoftwareFallback: For more accurate readings, use the pigpio pin factory.See https://gpiozero.readthedocs.io/en/stable/api_input.html#distancesensor-hc-sr04 for more info
  warnings.warn(PWMSoftwareFallback(
[1;33m🛑 Stopping existing processes...[0m
[0;34m🚤 Starting AI Boat System...[0m
================================
[0;34m📡 Starting Flask API...[0m
[0;32m✅ Flask API started (PID: 55845) on port 5000[0m
/home/salamat/fish_project/start_dashboard.sh: line 33: logs/flask.log: Permission denied
[0;31m⚠️ Flask API may not have started properly[0m
[0;34m📊 Starting Streamlit Dashboard...[0m
[0;32m✅ Streamlit dashboard started (PID: 55886) on port 8501[0m
/home/salamat/fish_project/start_dashboard.sh: line 48: logs/streamlit.log: Permission denied
[0;34m🤖 Starting Pi Main Code...[0m
[0;32m✅ Pi main code started (PID: 55952)[0m
/home/salamat/fish_project/start_dashboard.sh: line 66: logs/flask.pid: Permission denied
/home/salamat/fish_project/start_dashboard.sh: line 61: logs/pi_main.log: Permission denied
/home/salamat/fish_project/start_dashboard.sh: line 67: logs/streamlit.pid: Permission denied
/home/salamat/fish_project/start_dashboard.sh: line 68: logs/pi.pid: Permission denied
================================
[0;32m✅ ALL SERVICES STARTED![0m
================================
[0;34m📍 Dashboard URL:[0m http://10.122.168.88:8501
[0;34m📡 API Endpoint:[0m http://10.122.168.88:5000
[0;34m📁 Log files:[0m logs/ directory
================================
[1;33m💡 Useful commands:[0m
  View Flask logs:     tail -f logs/flask.log
  View Dashboard logs: tail -f logs/streamlit.log
  View Pi logs:        tail -f logs/pi_main.log
  Stop all services:   ./stop_boat_system.sh
  Check status:        ./status_boat_system.sh
================================
[0;34m📋 Last few lines from Pi main code:[0m
/home/salamat/fish_project/venv/lib/python3.11/site-packages/gpiozero/input_devices.py:852: PWMSoftwareFallback: For more accurate readings, use the pigpio pin factory.See https://gpiozero.readthedocs.io/en/stable/api_input.html#distancesensor-hc-sr04 for more info
  warnings.warn(PWMSoftwareFallback(
[1;33m🛑 Stopping existing processes...[0m
[0;34m🚤 Starting AI Boat System...[0m
================================
[0;34m📡 Starting Flask API...[0m
/home/salamat/fish_project/start_dashboard.sh: line 33: logs/flask.log: Permission denied
[0;32m✅ Flask API started (PID: 56154) on port 5000[0m
[0;31m⚠️ Flask API may not have started properly[0m
[0;34m📊 Starting Streamlit Dashboard...[0m
[0;32m✅ Streamlit dashboard started (PID: 56199) on port 8501[0m
/home/salamat/fish_project/start_dashboard.sh: line 48: logs/streamlit.log: Permission denied
[0;34m🤖 Starting Pi Main Code...[0m
[0;32m✅ Pi main code started (PID: 56262)[0m
/home/salamat/fish_project/start_dashboard.sh: line 66: logs/flask.pid: Permission denied
/home/salamat/fish_project/start_dashboard.sh: line 61: logs/pi_main.log: Permission denied
/home/salamat/fish_project/start_dashboard.sh: line 67: logs/streamlit.pid: Permission denied
/home/salamat/fish_project/start_dashboard.sh: line 68: logs/pi.pid: Permission denied
================================
[0;32m✅ ALL SERVICES STARTED![0m
================================
[0;34m📍 Dashboard URL:[0m http://10.122.168.88:8501
[0;34m📡 API Endpoint:[0m http://10.122.168.88:5000
[0;34m📁 Log files:[0m logs/ directory
================================
[1;33m💡 Useful commands:[0m
  View Flask logs:     tail -f logs/flask.log
  View Dashboard logs: tail -f logs/streamlit.log
  View Pi logs:        tail -f logs/pi_main.log
  Stop all services:   ./stop_boat_system.sh
  Check status:        ./status_boat_system.sh
================================
[0;34m📋 Last few lines from Pi main code:[0m
/home/salamat/fish_project/venv/lib/python3.11/site-packages/gpiozero/input_devices.py:852: PWMSoftwareFallback: For more accurate readings, use the pigpio pin factory.See https://gpiozero.readthedocs.io/en/stable/api_input.html#distancesensor-hc-sr04 for more info
  warnings.warn(PWMSoftwareFallback(
[1;33m🛑 Stopping existing processes...[0m
[0;34m🚤 Starting AI Boat System...[0m
================================
[0;34m📡 Starting Flask API...[0m
[0;32m✅ Flask API started (PID: 56459) on port 5000[0m
/home/salamat/fish_project/start_dashboard.sh: line 33: logs/flask.log: Permission denied
[0;31m⚠️ Flask API may not have started properly[0m
[0;34m📊 Starting Streamlit Dashboard...[0m
[0;32m✅ Streamlit dashboard started (PID: 56501) on port 8501[0m
/home/salamat/fish_project/start_dashboard.sh: line 48: logs/streamlit.log: Permission denied
[0;34m🤖 Starting Pi Main Code...[0m
[0;32m✅ Pi main code started (PID: 56568)[0m
/home/salamat/fish_project/start_dashboard.sh: line 66: logs/flask.pid: Permission denied
/home/salamat/fish_project/start_dashboard.sh: line 61: logs/pi_main.log: Permission denied
/home/salamat/fish_project/start_dashboard.sh: line 67: logs/streamlit.pid: Permission denied
/home/salamat/fish_project/start_dashboard.sh: line 68: logs/pi.pid: Permission denied
================================
[0;32m✅ ALL SERVICES STARTED![0m
================================
[0;34m📍 Dashboard URL:[0m http://10.122.168.88:8501
[0;34m📡 API Endpoint:[0m http://10.122.168.88:5000
[0;34m📁 Log files:[0m logs/ directory
================================
[1;33m💡 Useful commands:[0m
  View Flask logs:     tail -f logs/flask.log
  View Dashboard logs: tail -f logs/streamlit.log
  View Pi logs:        tail -f logs/pi_main.log
  Stop all services:   ./stop_boat_system.sh
  Check status:        ./status_boat_system.sh
================================
[0;34m📋 Last few lines from Pi main code:[0m
/home/salamat/fish_project/venv/lib/python3.11/site-packages/gpiozero/input_devices.py:852: PWMSoftwareFallback: For more accurate readings, use the pigpio pin factory.See https://gpiozero.readthedocs.io/en/stable/api_input.html#distancesensor-hc-sr04 for more info
  warnings.warn(PWMSoftwareFallback(
[1;33m🛑 Stopping existing processes...[0m
[0;34m🚤 Starting AI Boat System...[0m
================================
[0;34m📡 Starting Flask API...[0m
[0;32m✅ Flask API started (PID: 56770) on port 5000[0m
/home/salamat/fish_project/start_dashboard.sh: line 33: logs/flask.log: Permission denied
[0;31m⚠️ Flask API may not have started properly[0m
[0;34m📊 Starting Streamlit Dashboard...[0m
[0;32m✅ Streamlit dashboard started (PID: 56813) on port 8501[0m
/home/salamat/fish_project/start_dashboard.sh: line 48: logs/streamlit.log: Permission denied
[0;34m🤖 Starting Pi Main Code...[0m
[0;32m✅ Pi main code started (PID: 56876)[0m
/home/salamat/fish_project/start_dashboard.sh: line 66: logs/flask.pid: Permission denied
/home/salamat/fish_project/start_dashboard.sh: line 61: logs/pi_main.log: Permission denied
/home/salamat/fish_project/start_dashboard.sh: line 67: logs/streamlit.pid: Permission denied
/home/salamat/fish_project/start_dashboard.sh: line 68: logs/pi.pid: Permission denied
================================
[0;32m✅ ALL SERVICES STARTED![0m
================================
[0;34m📍 Dashboard URL:[0m http://10.122.168.88:8501
[0;34m📡 API Endpoint:[0m http://10.122.168.88:5000
[0;34m📁 Log files:[0m logs/ directory
================================
[1;33m💡 Useful commands:[0m
  View Flask logs:     tail -f logs/flask.log
  View Dashboard logs: tail -f logs/streamlit.log
  View Pi logs:        tail -f logs/pi_main.log
  Stop all services:   ./stop_boat_system.sh
  Check status:        ./status_boat_system.sh
================================
[0;34m📋 Last few lines from Pi main code:[0m
/home/salamat/fish_project/venv/lib/python3.11/site-packages/gpiozero/input_devices.py:852: PWMSoftwareFallback: For more accurate readings, use the pigpio pin factory.See https://gpiozero.readthedocs.io/en/stable/api_input.html#distancesensor-hc-sr04 for more info
  warnings.warn(PWMSoftwareFallback(
[1;33m🛑 Stopping existing processes...[0m
[0;34m🚤 Starting AI Boat System...[0m
================================
[0;34m📡 Starting Flask API...[0m
[0;32m✅ Flask API started (PID: 57078) on port 5000[0m
/home/salamat/fish_project/start_dashboard.sh: line 33: logs/flask.log: Permission denied
[0;31m⚠️ Flask API may not have started properly[0m
[0;34m📊 Starting Streamlit Dashboard...[0m
[0;32m✅ Streamlit dashboard started (PID: 57121) on port 8501[0m
/home/salamat/fish_project/start_dashboard.sh: line 48: logs/streamlit.log: Permission denied
[0;34m🤖 Starting Pi Main Code...[0m
[0;32m✅ Pi main code started (PID: 57184)[0m
/home/salamat/fish_project/start_dashboard.sh: line 61: logs/pi_main.log: Permission denied
/home/salamat/fish_project/start_dashboard.sh: line 66: logs/flask.pid: Permission denied
/home/salamat/fish_project/start_dashboard.sh: line 67: logs/streamlit.pid: Permission denied
/home/salamat/fish_project/start_dashboard.sh: line 68: logs/pi.pid: Permission denied
================================
[0;32m✅ ALL SERVICES STARTED![0m
================================
[0;34m📍 Dashboard URL:[0m http://10.122.168.88:8501
[0;34m📡 API Endpoint:[0m http://10.122.168.88:5000
[0;34m📁 Log files:[0m logs/ directory
================================
[1;33m💡 Useful commands:[0m
  View Flask logs:     tail -f logs/flask.log
  View Dashboard logs: tail -f logs/streamlit.log
  View Pi logs:        tail -f logs/pi_main.log
  Stop all services:   ./stop_boat_system.sh
  Check status:        ./status_boat_system.sh
================================
[0;34m📋 Last few lines from Pi main code:[0m
/home/salamat/fish_project/venv/lib/python3.11/site-packages/gpiozero/input_devices.py:852: PWMSoftwareFallback: For more accurate readings, use the pigpio pin factory.See https://gpiozero.readthedocs.io/en/stable/api_input.html#distancesensor-hc-sr04 for more info
  warnings.warn(PWMSoftwareFallback(
[1;33m🛑 Stopping existing processes...[0m
[0;34m🚤 Starting AI Boat System...[0m
================================
[0;34m📡 Starting Flask API...[0m
[0;32m✅ Flask API started (PID: 57383) on port 5000[0m
/home/salamat/fish_project/start_dashboard.sh: line 33: logs/flask.log: Permission denied
[0;31m⚠️ Flask API may not have started properly[0m
[0;34m📊 Starting Streamlit Dashboard...[0m
[0;32m✅ Streamlit dashboard started (PID: 57429) on port 8501[0m
/home/salamat/fish_project/start_dashboard.sh: line 48: logs/streamlit.log: Permission denied
[0;34m🤖 Starting Pi Main Code...[0m
[0;32m✅ Pi main code started (PID: 57501)[0m
/home/salamat/fish_project/start_dashboard.sh: line 66: logs/flask.pid: Permission denied
/home/salamat/fish_project/start_dashboard.sh: line 67: logs/streamlit.pid: Permission denied
/home/salamat/fish_project/start_dashboard.sh: line 68: logs/pi.pid: Permission denied
/home/salamat/fish_project/start_dashboard.sh: line 61: logs/pi_main.log: Permission denied
================================
[0;32m✅ ALL SERVICES STARTED![0m
================================
[0;34m📍 Dashboard URL:[0m http://10.122.168.88:8501
[0;34m📡 API Endpoint:[0m http://10.122.168.88:5000
[0;34m📁 Log files:[0m logs/ directory
================================
[1;33m💡 Useful commands:[0m
  View Flask logs:     tail -f logs/flask.log
  View Dashboard logs: tail -f logs/streamlit.log
  View Pi logs:        tail -f logs/pi_main.log
  Stop all services:   ./stop_boat_system.sh
  Check status:        ./status_boat_system.sh
================================
[0;34m📋 Last few lines from Pi main code:[0m
/home/salamat/fish_project/venv/lib/python3.11/site-packages/gpiozero/input_devices.py:852: PWMSoftwareFallback: For more accurate readings, use the pigpio pin factory.See https://gpiozero.readthedocs.io/en/stable/api_input.html#distancesensor-hc-sr04 for more info
  warnings.warn(PWMSoftwareFallback(
[1;33m🛑 Stopping existing processes...[0m
[0;34m🚤 Starting AI Boat System...[0m
================================
[0;34m📡 Starting Flask API...[0m
[0;32m✅ Flask API started (PID: 57701) on port 5000[0m
/home/salamat/fish_project/start_dashboard.sh: line 33: logs/flask.log: Permission denied
[0;31m⚠️ Flask API may not have started properly[0m
[0;34m📊 Starting Streamlit Dashboard...[0m
[0;32m✅ Streamlit dashboard started (PID: 57766) on port 8501[0m
/home/salamat/fish_project/start_dashboard.sh: line 48: logs/streamlit.log: Permission denied
[0;34m🤖 Starting Pi Main Code...[0m
[0;32m✅ Pi main code started (PID: 57830)[0m
/home/salamat/fish_project/start_dashboard.sh: line 66: logs/flask.pid: Permission denied
/home/salamat/fish_project/start_dashboard.sh: line 61: logs/pi_main.log: Permission denied
/home/salamat/fish_project/start_dashboard.sh: line 67: logs/streamlit.pid: Permission denied
/home/salamat/fish_project/start_dashboard.sh: line 68: logs/pi.pid: Permission denied
================================
[0;32m✅ ALL SERVICES STARTED![0m
================================
[0;34m📍 Dashboard URL:[0m http://10.122.168.88:8501
[0;34m📡 API Endpoint:[0m http://10.122.168.88:5000
[0;34m📁 Log files:[0m logs/ directory
================================
[1;33m💡 Useful commands:[0m
  View Flask logs:     tail -f logs/flask.log
  View Dashboard logs: tail -f logs/streamlit.log
  View Pi logs:        tail -f logs/pi_main.log
  Stop all services:   ./stop_boat_system.sh
  Check status:        ./status_boat_system.sh
================================
[0;34m📋 Last few lines from Pi main code:[0m
/home/salamat/fish_project/venv/lib/python3.11/site-packages/gpiozero/input_devices.py:852: PWMSoftwareFallback: For more accurate readings, use the pigpio pin factory.See https://gpiozero.readthedocs.io/en/stable/api_input.html#distancesensor-hc-sr04 for more info
  warnings.warn(PWMSoftwareFallback(
[1;33m🛑 Stopping existing processes...[0m
[0;34m🚤 Starting AI Boat System...[0m
================================
[0;34m📡 Starting Flask API...[0m
[0;32m✅ Flask API started (PID: 58030) on port 5000[0m
/home/salamat/fish_project/start_dashboard.sh: line 33: logs/flask.log: Permission denied
[0;31m⚠️ Flask API may not have started properly[0m
[0;34m📊 Starting Streamlit Dashboard...[0m
[0;32m✅ Streamlit dashboard started (PID: 58075) on port 8501[0m
/home/salamat/fish_project/start_dashboard.sh: line 48: logs/streamlit.log: Permission denied
/home/salamat/fish_project/start_systemd.sh: line 6: logs/boot.log: Permission denied
/home/salamat/fish_project/start_systemd.sh: line 19: logs/flask.pid: Permission denied
/home/salamat/fish_project/start_systemd.sh: line 18: logs/flask.log: Permission denied
/home/salamat/fish_project/start_systemd.sh: line 20: logs/boot.log: Permission denied
/home/salamat/fish_project/start_systemd.sh: line 27: logs/streamlit.pid: Permission denied
/home/salamat/fish_project/start_systemd.sh: line 23: logs/streamlit.log: Permission denied
/home/salamat/fish_project/start_systemd.sh: line 28: logs/boot.log: Permission denied
/home/salamat/fish_project/start_systemd.sh: line 32: logs/pi.pid: Permission denied
/home/salamat/fish_project/start_systemd.sh: line 31: logs/pi_main.log: Permission denied
/home/salamat/fish_project/start_systemd.sh: line 33: logs/boot.log: Permission denied
/home/salamat/fish_project/start_systemd.sh: line 35: logs/boot.log: Permission denied
/home/salamat/fish_project/start_systemd.sh: line 6: logs/boot.log: Permission denied
/home/salamat/fish_project/start_systemd.sh: line 19: logs/flask.pid: Permission denied
/home/salamat/fish_project/start_systemd.sh: line 18: logs/flask.log: Permission denied
/home/salamat/fish_project/start_systemd.sh: line 20: logs/boot.log: Permission denied
/home/salamat/fish_project/start_systemd.sh: line 27: logs/streamlit.pid: Permission denied
/home/salamat/fish_project/start_systemd.sh: line 23: logs/streamlit.log: Permission denied
/home/salamat/fish_project/start_systemd.sh: line 28: logs/boot.log: Permission denied
/home/salamat/fish_project/start_systemd.sh: line 32: logs/pi.pid: Permission denied
/home/salamat/fish_project/start_systemd.sh: line 31: logs/pi_main.log: Permission denied
/home/salamat/fish_project/start_systemd.sh: line 33: logs/boot.log: Permission denied
/home/salamat/fish_project/start_systemd.sh: line 35: logs/boot.log: Permission denied
/home/salamat/fish_project/start_systemd.sh: line 6: logs/boot.log: Permission denied
/home/salamat/fish_project/start_systemd.sh: line 19: logs/flask.pid: Permission denied
/home/salamat/fish_project/start_systemd.sh: line 18: logs/flask.log: Permission denied
/home/salamat/fish_project/start_systemd.sh: line 20: logs/boot.log: Permission denied
/home/salamat/fish_project/start_systemd.sh: line 27: logs/streamlit.pid: Permission denied
/home/salamat/fish_project/start_systemd.sh: line 23: logs/streamlit.log: Permission denied
/home/salamat/fish_project/start_systemd.sh: line 28: logs/boot.log: Permission denied
/home/salamat/fish_project/start_systemd.sh: line 32: logs/pi.pid: Permission denied
/home/salamat/fish_project/start_systemd.sh: line 31: logs/pi_main.log: Permission denied
/home/salamat/fish_project/start_systemd.sh: line 33: logs/boot.log: Permission denied
/home/salamat/fish_project/start_systemd.sh: line 35: logs/boot.log: Permission denied
/home/salamat/fish_project/start_systemd.sh: line 6: logs/boot.log: Permission denied
/home/salamat/fish_project/start_systemd.sh: line 19: logs/flask.pid: Permission denied
/home/salamat/fish_project/start_systemd.sh: line 18: logs/flask.log: Permission denied
/home/salamat/fish_project/start_systemd.sh: line 20: logs/boot.log: Permission denied
/home/salamat/fish_project/start_systemd.sh: line 27: logs/streamlit.pid: Permission denied
/home/salamat/fish_project/start_systemd.sh: line 23: logs/streamlit.log: Permission denied
/home/salamat/fish_project/start_systemd.sh: line 28: logs/boot.log: Permission denied
/home/salamat/fish_project/start_systemd.sh: line 32: logs/pi.pid: Permission denied
/home/salamat/fish_project/start_systemd.sh: line 31: logs/pi_main.log: Permission denied
/home/salamat/fish_project/start_systemd.sh: line 33: logs/boot.log: Permission denied
/home/salamat/fish_project/start_systemd.sh: line 35: logs/boot.log: Permission denied
/home/salamat/fish_project/start_systemd.sh: line 6: logs/boot.log: Permission denied
/home/salamat/fish_project/start_systemd.sh: line 19: logs/flask.pid: Permission denied
/home/salamat/fish_project/start_systemd.sh: line 18: logs/flask.log: Permission denied
/home/salamat/fish_project/start_systemd.sh: line 20: logs/boot.log: Permission denied
/home/salamat/fish_project/start_systemd.sh: line 27: logs/streamlit.pid: Permission denied
/home/salamat/fish_project/start_systemd.sh: line 23: logs/streamlit.log: Permission denied
/home/salamat/fish_project/start_systemd.sh: line 28: logs/boot.log: Permission denied
/home/salamat/fish_project/start_systemd.sh: line 32: logs/pi.pid: Permission denied
/home/salamat/fish_project/start_systemd.sh: line 31: logs/pi_main.log: Permission denied
/home/salamat/fish_project/start_systemd.sh: line 33: logs/boot.log: Permission denied
/home/salamat/fish_project/start_systemd.sh: line 35: logs/boot.log: Permission denied
/home/salamat/fish_project/start_systemd.sh: line 6: logs/boot.log: Permission denied
/home/salamat/fish_project/start_systemd.sh: line 19: logs/flask.pid: Permission denied
/home/salamat/fish_project/start_systemd.sh: line 18: logs/flask.log: Permission denied
/home/salamat/fish_project/start_systemd.sh: line 20: logs/boot.log: Permission denied
/home/salamat/fish_project/start_systemd.sh: line 27: logs/streamlit.pid: Permission denied
/home/salamat/fish_project/start_systemd.sh: line 23: logs/streamlit.log: Permission denied
/home/salamat/fish_project/start_systemd.sh: line 28: logs/boot.log: Permission denied
/home/salamat/fish_project/start_systemd.sh: line 32: logs/pi.pid: Permission denied
/home/salamat/fish_project/start_systemd.sh: line 31: logs/pi_main.log: Permission denied
/home/salamat/fish_project/start_systemd.sh: line 33: logs/boot.log: Permission denied
/home/salamat/fish_project/start_systemd.sh: line 35: logs/boot.log: Permission denied
/home/salamat/fish_project/start_systemd.sh: line 6: logs/boot.log: Permission denied
/home/salamat/fish_project/start_systemd.sh: line 19: logs/flask.pid: Permission denied
/home/salamat/fish_project/start_systemd.sh: line 18: logs/flask.log: Permission denied
/home/salamat/fish_project/start_systemd.sh: line 20: logs/boot.log: Permission denied
/home/salamat/fish_project/start_systemd.sh: line 27: logs/streamlit.pid: Permission denied
/home/salamat/fish_project/start_systemd.sh: line 23: logs/streamlit.log: Permission denied
/home/salamat/fish_project/start_systemd.sh: line 28: logs/boot.log: Permission denied
/home/salamat/fish_project/start_systemd.sh: line 32: logs/pi.pid: Permission denied
/home/salamat/fish_project/start_systemd.sh: line 31: logs/pi_main.log: Permission denied
/home/salamat/fish_project/start_systemd.sh: line 33: logs/boot.log: Permission denied
/home/salamat/fish_project/start_systemd.sh: line 35: logs/boot.log: Permission denied
/home/salamat/fish_project/start_systemd.sh: line 6: logs/boot.log: Permission denied
/home/salamat/fish_project/start_systemd.sh: line 19: logs/flask.pid: Permission denied
/home/salamat/fish_project/start_systemd.sh: line 18: logs/flask.log: Permission denied
/home/salamat/fish_project/start_systemd.sh: line 20: logs/boot.log: Permission denied
/home/salamat/fish_project/start_systemd.sh: line 27: logs/streamlit.pid: Permission denied
/home/salamat/fish_project/start_systemd.sh: line 23: logs/streamlit.log: Permission denied
/home/salamat/fish_project/start_systemd.sh: line 28: logs/boot.log: Permission denied
/home/salamat/fish_project/start_systemd.sh: line 32: logs/pi.pid: Permission denied
/home/salamat/fish_project/start_systemd.sh: line 31: logs/pi_main.log: Permission denied
/home/salamat/fish_project/start_systemd.sh: line 33: logs/boot.log: Permission denied
/home/salamat/fish_project/start_systemd.sh: line 35: logs/boot.log: Permission denied
/home/salamat/fish_project/start_systemd.sh: line 6: logs/boot.log: Permission denied
/home/salamat/fish_project/start_systemd.sh: line 19: logs/flask.pid: Permission denied
/home/salamat/fish_project/start_systemd.sh: line 18: logs/flask.log: Permission denied
/home/salamat/fish_project/start_systemd.sh: line 20: logs/boot.log: Permission denied
/home/salamat/fish_project/start_systemd.sh: line 27: logs/streamlit.pid: Permission denied
/home/salamat/fish_project/start_systemd.sh: line 23: logs/streamlit.log: Permission denied
/home/salamat/fish_project/start_systemd.sh: line 28: logs/boot.log: Permission denied
/home/salamat/fish_project/start_systemd.sh: line 32: logs/pi.pid: Permission denied
/home/salamat/fish_project/start_systemd.sh: line 31: logs/pi_main.log: Permission denied
/home/salamat/fish_project/start_systemd.sh: line 33: logs/boot.log: Permission denied
/home/salamat/fish_project/start_systemd.sh: line 35: logs/boot.log: Permission denied
/home/salamat/fish_project/start_systemd.sh: line 6: logs/boot.log: Permission denied
/home/salamat/fish_project/start_systemd.sh: line 19: logs/flask.pid: Permission denied
/home/salamat/fish_project/start_systemd.sh: line 18: logs/flask.log: Permission denied
/home/salamat/fish_project/start_systemd.sh: line 20: logs/boot.log: Permission denied
/home/salamat/fish_project/start_systemd.sh: line 27: logs/streamlit.pid: Permission denied
/home/salamat/fish_project/start_systemd.sh: line 23: logs/streamlit.log: Permission denied
/home/salamat/fish_project/start_systemd.sh: line 28: logs/boot.log: Permission denied
/home/salamat/fish_project/start_systemd.sh: line 32: logs/pi.pid: Permission denied
/home/salamat/fish_project/start_systemd.sh: line 31: logs/pi_main.log: Permission denied
/home/salamat/fish_project/start_systemd.sh: line 33: logs/boot.log: Permission denied
/home/salamat/fish_project/start_systemd.sh: line 35: logs/boot.log: Permission denied
/home/salamat/fish_project/start_systemd.sh: line 6: logs/boot.log: Permission denied
/home/salamat/fish_project/start_systemd.sh: line 19: logs/flask.pid: Permission denied
/home/salamat/fish_project/start_systemd.sh: line 18: logs/flask.log: Permission denied
/home/salamat/fish_project/start_systemd.sh: line 20: logs/boot.log: Permission denied
/home/salamat/fish_project/start_systemd.sh: line 27: logs/streamlit.pid: Permission denied
/home/salamat/fish_project/start_systemd.sh: line 23: logs/streamlit.log: Permission denied
/home/salamat/fish_project/start_systemd.sh: line 28: logs/boot.log: Permission denied
/home/salamat/fish_project/start_systemd.sh: line 32: logs/pi.pid: Permission denied
/home/salamat/fish_project/start_systemd.sh: line 31: logs/pi_main.log: Permission denied
/home/salamat/fish_project/start_systemd.sh: line 33: logs/boot.log: Permission denied
/home/salamat/fish_project/start_systemd.sh: line 35: logs/boot.log: Permission denied
/home/salamat/fish_project/start_systemd.sh: line 6: logs/boot.log: Permission denied
/home/salamat/fish_project/start_systemd.sh: line 19: logs/flask.pid: Permission denied
/home/salamat/fish_project/start_systemd.sh: line 18: logs/flask.log: Permission denied
/home/salamat/fish_project/start_systemd.sh: line 20: logs/boot.log: Permission denied
/home/salamat/fish_project/start_systemd.sh: line 27: logs/streamlit.pid: Permission denied
/home/salamat/fish_project/start_systemd.sh: line 23: logs/streamlit.log: Permission denied
/home/salamat/fish_project/start_systemd.sh: line 28: logs/boot.log: Permission denied
/home/salamat/fish_project/start_systemd.sh: line 32: logs/pi.pid: Permission denied
/home/salamat/fish_project/start_systemd.sh: line 31: logs/pi_main.log: Permission denied
/home/salamat/fish_project/start_systemd.sh: line 33: logs/boot.log: Permission denied
/home/salamat/fish_project/start_systemd.sh: line 35: logs/boot.log: Permission denied
/home/salamat/fish_project/start_systemd.sh: line 6: logs/boot.log: Permission denied
/home/salamat/fish_project/start_systemd.sh: line 19: logs/flask.pid: Permission denied
/home/salamat/fish_project/start_systemd.sh: line 18: logs/flask.log: Permission denied
/home/salamat/fish_project/start_systemd.sh: line 20: logs/boot.log: Permission denied
/home/salamat/fish_project/start_systemd.sh: line 27: logs/streamlit.pid: Permission denied
/home/salamat/fish_project/start_systemd.sh: line 23: logs/streamlit.log: Permission denied
/home/salamat/fish_project/start_systemd.sh: line 28: logs/boot.log: Permission denied
/home/salamat/fish_project/start_systemd.sh: line 32: logs/pi.pid: Permission denied
/home/salamat/fish_project/start_systemd.sh: line 31: logs/pi_main.log: Permission denied
/home/salamat/fish_project/start_systemd.sh: line 33: logs/boot.log: Permission denied
/home/salamat/fish_project/start_systemd.sh: line 35: logs/boot.log: Permission denied
/home/salamat/fish_project/start_systemd.sh: line 6: logs/boot.log: Permission denied
/home/salamat/fish_project/start_systemd.sh: line 19: logs/flask.pid: Permission denied
/home/salamat/fish_project/start_systemd.sh: line 18: logs/flask.log: Permission denied
/home/salamat/fish_project/start_systemd.sh: line 20: logs/boot.log: Permission denied
/home/salamat/fish_project/start_systemd.sh: line 27: logs/streamlit.pid: Permission denied
/home/salamat/fish_project/start_systemd.sh: line 23: logs/streamlit.log: Permission denied
/home/salamat/fish_project/start_systemd.sh: line 28: logs/boot.log: Permission denied
/home/salamat/fish_project/start_systemd.sh: line 32: logs/pi.pid: Permission denied
/home/salamat/fish_project/start_systemd.sh: line 31: logs/pi_main.log: Permission denied
/home/salamat/fish_project/start_systemd.sh: line 33: logs/boot.log: Permission denied
/home/salamat/fish_project/start_systemd.sh: line 35: logs/boot.log: Permission denied
/home/salamat/fish_project/start_systemd.sh: line 6: logs/boot.log: Permission denied
/home/salamat/fish_project/start_systemd.sh: line 19: logs/flask.pid: Permission denied
/home/salamat/fish_project/start_systemd.sh: line 18: logs/flask.log: Permission denied
/home/salamat/fish_project/start_systemd.sh: line 20: logs/boot.log: Permission denied
/home/salamat/fish_project/start_systemd.sh: line 27: logs/streamlit.pid: Permission denied
/home/salamat/fish_project/start_systemd.sh: line 23: logs/streamlit.log: Permission denied
/home/salamat/fish_project/start_systemd.sh: line 28: logs/boot.log: Permission denied
/home/salamat/fish_project/start_systemd.sh: line 32: logs/pi.pid: Permission denied
/home/salamat/fish_project/start_systemd.sh: line 31: logs/pi_main.log: Permission denied
/home/salamat/fish_project/start_systemd.sh: line 33: logs/boot.log: Permission denied
/home/salamat/fish_project/start_systemd.sh: line 35: logs/boot.log: Permission denied
/home/salamat/fish_project/start_systemd.sh: line 6: logs/boot.log: Permission denied
/home/salamat/fish_project/start_systemd.sh: line 19: logs/flask.pid: Permission denied
/home/salamat/fish_project/start_systemd.sh: line 18: logs/flask.log: Permission denied
/home/salamat/fish_project/start_systemd.sh: line 20: logs/boot.log: Permission denied
/home/salamat/fish_project/start_systemd.sh: line 27: logs/streamlit.pid: Permission denied
/home/salamat/fish_project/start_systemd.sh: line 23: logs/streamlit.log: Permission denied
/home/salamat/fish_project/start_systemd.sh: line 28: logs/boot.log: Permission denied
/home/salamat/fish_project/start_systemd.sh: line 32: logs/pi.pid: Permission denied
/home/salamat/fish_project/start_systemd.sh: line 31: logs/pi_main.log: Permission denied
/home/salamat/fish_project/start_systemd.sh: line 33: logs/boot.log: Permission denied
/home/salamat/fish_project/start_systemd.sh: line 35: logs/boot.log: Permission denied
/home/salamat/fish_project/start_systemd.sh: line 6: logs/boot.log: Permission denied
/home/salamat/fish_project/start_systemd.sh: line 19: logs/flask.pid: Permission denied
/home/salamat/fish_project/start_systemd.sh: line 18: logs/flask.log: Permission denied
/home/salamat/fish_project/start_systemd.sh: line 20: logs/boot.log: Permission denied
/home/salamat/fish_project/start_systemd.sh: line 27: logs/streamlit.pid: Permission denied
/home/salamat/fish_project/start_systemd.sh: line 23: logs/streamlit.log: Permission denied
/home/salamat/fish_project/start_systemd.sh: line 28: logs/boot.log: Permission denied
/home/salamat/fish_project/start_systemd.sh: line 32: logs/pi.pid: Permission denied
/home/salamat/fish_project/start_systemd.sh: line 31: logs/pi_main.log: Permission denied
/home/salamat/fish_project/start_systemd.sh: line 33: logs/boot.log: Permission denied
/home/salamat/fish_project/start_systemd.sh: line 35: logs/boot.log: Permission denied
/home/salamat/fish_project/start_systemd.sh: line 6: logs/boot.log: Permission denied
/home/salamat/fish_project/start_systemd.sh: line 19: logs/flask.pid: Permission denied
/home/salamat/fish_project/start_systemd.sh: line 18: logs/flask.log: Permission denied
/home/salamat/fish_project/start_systemd.sh: line 20: logs/boot.log: Permission denied
/home/salamat/fish_project/start_systemd.sh: line 27: logs/streamlit.pid: Permission denied
/home/salamat/fish_project/start_systemd.sh: line 23: logs/streamlit.log: Permission denied
/home/salamat/fish_project/start_systemd.sh: line 28: logs/boot.log: Permission denied
/home/salamat/fish_project/start_systemd.sh: line 32: logs/pi.pid: Permission denied
/home/salamat/fish_project/start_systemd.sh: line 31: logs/pi_main.log: Permission denied
/home/salamat/fish_project/start_systemd.sh: line 33: logs/boot.log: Permission denied
/home/salamat/fish_project/start_systemd.sh: line 35: logs/boot.log: Permission denied
/home/salamat/fish_project/start_systemd.sh: line 6: logs/boot.log: Permission denied
/home/salamat/fish_project/start_systemd.sh: line 19: logs/flask.pid: Permission denied
/home/salamat/fish_project/start_systemd.sh: line 18: logs/flask.log: Permission denied
/home/salamat/fish_project/start_systemd.sh: line 20: logs/boot.log: Permission denied
/home/salamat/fish_project/start_systemd.sh: line 27: logs/streamlit.pid: Permission denied
/home/salamat/fish_project/start_systemd.sh: line 23: logs/streamlit.log: Permission denied
/home/salamat/fish_project/start_systemd.sh: line 28: logs/boot.log: Permission denied
/home/salamat/fish_project/start_systemd.sh: line 32: logs/pi.pid: Permission denied
/home/salamat/fish_project/start_systemd.sh: line 31: logs/pi_main.log: Permission denied
/home/salamat/fish_project/start_systemd.sh: line 33: logs/boot.log: Permission denied
/home/salamat/fish_project/start_systemd.sh: line 35: logs/boot.log: Permission denied
/home/salamat/fish_project/start_systemd.sh: line 6: logs/boot.log: Permission denied
/home/salamat/fish_project/start_systemd.sh: line 19: logs/flask.pid: Permission denied
/home/salamat/fish_project/start_systemd.sh: line 18: logs/flask.log: Permission denied
/home/salamat/fish_project/start_systemd.sh: line 20: logs/boot.log: Permission denied
/home/salamat/fish_project/start_systemd.sh: line 27: logs/streamlit.pid: Permission denied
/home/salamat/fish_project/start_systemd.sh: line 23: logs/streamlit.log: Permission denied
/home/salamat/fish_project/start_systemd.sh: line 28: logs/boot.log: Permission denied
/home/salamat/fish_project/start_systemd.sh: line 32: logs/pi.pid: Permission denied
/home/salamat/fish_project/start_systemd.sh: line 31: logs/pi_main.log: Permission denied
/home/salamat/fish_project/start_systemd.sh: line 33: logs/boot.log: Permission denied
/home/salamat/fish_project/start_systemd.sh: line 35: logs/boot.log: Permission denied
/home/salamat/fish_project/start_systemd.sh: line 6: logs/boot.log: Permission denied
/home/salamat/fish_project/start_systemd.sh: line 19: logs/flask.pid: Permission denied
/home/salamat/fish_project/start_systemd.sh: line 18: logs/flask.log: Permission denied
/home/salamat/fish_project/start_systemd.sh: line 20: logs/boot.log: Permission denied
/home/salamat/fish_project/start_systemd.sh: line 27: logs/streamlit.pid: Permission denied
/home/salamat/fish_project/start_systemd.sh: line 23: logs/streamlit.log: Permission denied
/home/salamat/fish_project/start_systemd.sh: line 28: logs/boot.log: Permission denied
/home/salamat/fish_project/start_systemd.sh: line 32: logs/pi.pid: Permission denied
/home/salamat/fish_project/start_systemd.sh: line 31: logs/pi_main.log: Permission denied
/home/salamat/fish_project/start_systemd.sh: line 33: logs/boot.log: Permission denied
/home/salamat/fish_project/start_systemd.sh: line 35: logs/boot.log: Permission denied
/home/salamat/fish_project/start_systemd.sh: line 6: logs/boot.log: Permission denied
/home/salamat/fish_project/start_systemd.sh: line 19: logs/flask.pid: Permission denied
/home/salamat/fish_project/start_systemd.sh: line 18: logs/flask.log: Permission denied
/home/salamat/fish_project/start_systemd.sh: line 20: logs/boot.log: Permission denied
/home/salamat/fish_project/start_systemd.sh: line 27: logs/streamlit.pid: Permission denied
/home/salamat/fish_project/start_systemd.sh: line 23: logs/streamlit.log: Permission denied
/home/salamat/fish_project/start_systemd.sh: line 28: logs/boot.log: Permission denied
/home/salamat/fish_project/start_systemd.sh: line 32: logs/pi.pid: Permission denied
/home/salamat/fish_project/start_systemd.sh: line 31: logs/pi_main.log: Permission denied
/home/salamat/fish_project/start_systemd.sh: line 33: logs/boot.log: Permission denied
/home/salamat/fish_project/start_systemd.sh: line 35: logs/boot.log: Permission denied
/home/salamat/fish_project/start_systemd.sh: line 6: logs/boot.log: Permission denied
/home/salamat/fish_project/start_systemd.sh: line 19: logs/flask.pid: Permission denied
/home/salamat/fish_project/start_systemd.sh: line 18: logs/flask.log: Permission denied
/home/salamat/fish_project/start_systemd.sh: line 20: logs/boot.log: Permission denied
/home/salamat/fish_project/start_systemd.sh: line 27: logs/streamlit.pid: Permission denied
/home/salamat/fish_project/start_systemd.sh: line 23: logs/streamlit.log: Permission denied
/home/salamat/fish_project/start_systemd.sh: line 28: logs/boot.log: Permission denied
/home/salamat/fish_project/start_systemd.sh: line 32: logs/pi.pid: Permission denied
/home/salamat/fish_project/start_systemd.sh: line 31: logs/pi_main.log: Permission denied
/home/salamat/fish_project/start_systemd.sh: line 33: logs/boot.log: Permission denied
/home/salamat/fish_project/start_systemd.sh: line 35: logs/boot.log: Permission denied
[2026-07-03 11:19:25] AI Boat System Starting...
[Fri Jul  3 11:19:28 AM +0330 2026] Flask started
[Fri Jul  3 11:19:28 AM +0330 2026] Streamlit started
[Fri Jul  3 11:19:28 AM +0330 2026] Main Pi Code started
[Fri Jul  3 11:19:28 AM +0330 2026] All services started successfully
[2026-07-03 11:19:33] AI Boat System Starting...
[Fri Jul  3 11:19:36 AM +0330 2026] Flask started
[Fri Jul  3 11:19:36 AM +0330 2026] Streamlit started
[Fri Jul  3 11:19:36 AM +0330 2026] Main Pi Code started
[Fri Jul  3 11:19:36 AM +0330 2026] All services started successfully
[2026-07-03 11:19:41] AI Boat System Starting...
[Fri Jul  3 11:19:44 AM +0330 2026] Flask started
[Fri Jul  3 11:19:44 AM +0330 2026] Streamlit started
[Fri Jul  3 11:19:44 AM +0330 2026] Main Pi Code started
[Fri Jul  3 11:19:44 AM +0330 2026] All services started successfully
[2026-07-03 11:19:50] AI Boat System Starting...
[Fri Jul  3 11:19:53 AM +0330 2026] Flask started
[Fri Jul  3 11:19:53 AM +0330 2026] Streamlit started
[Fri Jul  3 11:19:53 AM +0330 2026] Main Pi Code started
[Fri Jul  3 11:19:53 AM +0330 2026] All services started successfully
[2026-07-03 11:19:58] AI Boat System Starting...
[Fri Jul  3 11:20:01 AM +0330 2026] Flask started
[Fri Jul  3 11:20:01 AM +0330 2026] Streamlit started
[Fri Jul  3 11:20:01 AM +0330 2026] Main Pi Code started
[Fri Jul  3 11:20:01 AM +0330 2026] All services started successfully
[2026-07-03 11:20:06] AI Boat System Starting...
[Fri Jul  3 11:20:09 AM +0330 2026] Flask started
[Fri Jul  3 11:20:09 AM +0330 2026] Streamlit started
[Fri Jul  3 11:20:09 AM +0330 2026] Main Pi Code started
[Fri Jul  3 11:20:09 AM +0330 2026] All services started successfully
[2026-07-03 11:20:14] AI Boat System Starting...
[Fri Jul  3 11:20:17 AM +0330 2026] Flask started
[Fri Jul  3 11:20:17 AM +0330 2026] Streamlit started
[Fri Jul  3 11:20:17 AM +0330 2026] Main Pi Code started
[Fri Jul  3 11:20:17 AM +0330 2026] All services started successfully
[2026-07-03 11:20:23] AI Boat System Starting...
[Fri Jul  3 11:20:26 AM +0330 2026] Flask started
[Fri Jul  3 11:20:26 AM +0330 2026] Streamlit started
[Fri Jul  3 11:20:26 AM +0330 2026] Main Pi Code started
[Fri Jul  3 11:20:26 AM +0330 2026] All services started successfully
[2026-07-03 11:20:31] AI Boat System Starting...
[Fri Jul  3 11:20:34 AM +0330 2026] Flask started
[Fri Jul  3 11:20:34 AM +0330 2026] Streamlit started
[Fri Jul  3 11:20:34 AM +0330 2026] Main Pi Code started
[Fri Jul  3 11:20:34 AM +0330 2026] All services started successfully
[2026-07-03 11:20:39] AI Boat System Starting...
[Fri Jul  3 11:20:42 AM +0330 2026] Flask started
[Fri Jul  3 11:20:42 AM +0330 2026] Streamlit started
[Fri Jul  3 11:20:42 AM +0330 2026] Main Pi Code started
[Fri Jul  3 11:20:42 AM +0330 2026] All services started successfully
[2026-07-03 11:20:47] AI Boat System Starting...
[Fri Jul  3 11:20:50 AM +0330 2026] Flask started
[Fri Jul  3 11:20:50 AM +0330 2026] Streamlit started
[Fri Jul  3 11:20:50 AM +0330 2026] Main Pi Code started
[Fri Jul  3 11:20:50 AM +0330 2026] All services started successfully
[2026-07-03 11:20:56] AI Boat System Starting...
[Fri Jul  3 11:20:59 AM +0330 2026] Flask started
[Fri Jul  3 11:20:59 AM +0330 2026] Streamlit started
[Fri Jul  3 11:20:59 AM +0330 2026] Main Pi Code started
[Fri Jul  3 11:20:59 AM +0330 2026] All services started successfully
[2026-07-03 11:21:04] AI Boat System Starting...
[Fri Jul  3 11:21:07 AM +0330 2026] Flask started
[Fri Jul  3 11:21:07 AM +0330 2026] Streamlit started
[Fri Jul  3 11:21:07 AM +0330 2026] Main Pi Code started
[Fri Jul  3 11:21:07 AM +0330 2026] All services started successfully
[2026-07-03 11:21:12] AI Boat System Starting...
[Fri Jul  3 11:21:15 AM +0330 2026] Flask started
[Fri Jul  3 11:21:15 AM +0330 2026] Streamlit started
[Fri Jul  3 11:21:15 AM +0330 2026] Main Pi Code started
[Fri Jul  3 11:21:15 AM +0330 2026] All services started successfully
[2026-07-03 11:21:20] AI Boat System Starting...
[Fri Jul  3 11:21:23 AM +0330 2026] Flask started
[Fri Jul  3 11:21:23 AM +0330 2026] Streamlit started
[Fri Jul  3 11:21:23 AM +0330 2026] Main Pi Code started
[Fri Jul  3 11:21:23 AM +0330 2026] All services started successfully
[2026-07-03 11:21:29] AI Boat System Starting...
[Fri Jul  3 11:21:32 AM +0330 2026] Flask started
[Fri Jul  3 11:21:32 AM +0330 2026] Streamlit started
[Fri Jul  3 11:21:32 AM +0330 2026] Main Pi Code started
[Fri Jul  3 11:21:32 AM +0330 2026] All services started successfully
[2026-07-03 11:21:37] AI Boat System Starting...
[Fri Jul  3 11:21:40 AM +0330 2026] Flask started
[Fri Jul  3 11:21:40 AM +0330 2026] Streamlit started
[Fri Jul  3 11:21:40 AM +0330 2026] Main Pi Code started
[Fri Jul  3 11:21:40 AM +0330 2026] All services started successfully
[2026-07-03 11:21:45] AI Boat System Starting...
[Fri Jul  3 11:21:48 AM +0330 2026] Flask started
[Fri Jul  3 11:21:48 AM +0330 2026] Streamlit started
[Fri Jul  3 11:21:48 AM +0330 2026] Main Pi Code started
[Fri Jul  3 11:21:48 AM +0330 2026] All services started successfully
[2026-07-03 11:21:53] AI Boat System Starting...
[Fri Jul  3 11:21:56 AM +0330 2026] Flask started
[Fri Jul  3 11:21:56 AM +0330 2026] Streamlit started
[Fri Jul  3 11:21:56 AM +0330 2026] Main Pi Code started
[Fri Jul  3 11:21:56 AM +0330 2026] All services started successfully
[2026-07-03 11:22:02] AI Boat System Starting...
[Fri Jul  3 11:22:05 AM +0330 2026] Flask started
[Fri Jul  3 11:22:05 AM +0330 2026] Streamlit started
[Fri Jul  3 11:22:05 AM +0330 2026] Main Pi Code started
[Fri Jul  3 11:22:05 AM +0330 2026] All services started successfully
[2026-07-03 11:22:10] AI Boat System Starting...
[Fri Jul  3 11:22:13 AM +0330 2026] Flask started
[Fri Jul  3 11:22:13 AM +0330 2026] Streamlit started
[Fri Jul  3 11:22:13 AM +0330 2026] Main Pi Code started
[Fri Jul  3 11:22:13 AM +0330 2026] All services started successfully
[2026-07-03 11:22:18] AI Boat System Starting...
[Fri Jul  3 11:22:21 AM +0330 2026] Flask started
[Fri Jul  3 11:22:21 AM +0330 2026] Streamlit started
[Fri Jul  3 11:22:21 AM +0330 2026] Main Pi Code started
[Fri Jul  3 11:22:21 AM +0330 2026] All services started successfully
[2026-07-03 11:22:26] AI Boat System Starting...
[Fri Jul  3 11:22:29 AM +0330 2026] Flask started
[Fri Jul  3 11:22:29 AM +0330 2026] Streamlit started
[Fri Jul  3 11:22:29 AM +0330 2026] Main Pi Code started
[Fri Jul  3 11:22:29 AM +0330 2026] All services started successfully
[2026-07-03 11:22:35] AI Boat System Starting...
[Fri Jul  3 11:22:38 AM +0330 2026] Flask started
[Fri Jul  3 11:22:38 AM +0330 2026] Streamlit started
[Fri Jul  3 11:22:38 AM +0330 2026] Main Pi Code started
[Fri Jul  3 11:22:38 AM +0330 2026] All services started successfully
[2026-07-03 11:22:43] AI Boat System Starting...
[Fri Jul  3 11:22:46 AM +0330 2026] Flask started
[Fri Jul  3 11:22:46 AM +0330 2026] Streamlit started
[Fri Jul  3 11:22:46 AM +0330 2026] Main Pi Code started
[Fri Jul  3 11:22:46 AM +0330 2026] All services started successfully
[2026-07-03 11:22:51] AI Boat System Starting...
[Fri Jul  3 11:22:54 AM +0330 2026] Flask started
[Fri Jul  3 11:22:54 AM +0330 2026] Streamlit started
[Fri Jul  3 11:22:54 AM +0330 2026] Main Pi Code started
[Fri Jul  3 11:22:54 AM +0330 2026] All services started successfully
[2026-07-03 11:22:59] AI Boat System Starting...
[Fri Jul  3 11:23:02 AM +0330 2026] Flask started
[Fri Jul  3 11:23:02 AM +0330 2026] Streamlit started
[Fri Jul  3 11:23:02 AM +0330 2026] Main Pi Code started
[Fri Jul  3 11:23:02 AM +0330 2026] All services started successfully
[2026-07-03 11:23:08] AI Boat System Starting...
[Fri Jul  3 11:23:11 AM +0330 2026] Flask started
[Fri Jul  3 11:23:11 AM +0330 2026] Streamlit started
[Fri Jul  3 11:23:11 AM +0330 2026] Main Pi Code started
[Fri Jul  3 11:23:11 AM +0330 2026] All services started successfully
[2026-07-03 11:23:16] AI Boat System Starting...
[Fri Jul  3 11:23:19 AM +0330 2026] Flask started
[Fri Jul  3 11:23:19 AM +0330 2026] Streamlit started
[Fri Jul  3 11:23:19 AM +0330 2026] Main Pi Code started
[Fri Jul  3 11:23:19 AM +0330 2026] All services started successfully
[2026-07-03 11:23:24] AI Boat System Starting...
[Fri Jul  3 11:23:27 AM +0330 2026] Flask started
[Fri Jul  3 11:23:27 AM +0330 2026] Streamlit started
[Fri Jul  3 11:23:27 AM +0330 2026] Main Pi Code started
[Fri Jul  3 11:23:27 AM +0330 2026] All services started successfully
[2026-07-03 11:23:32] AI Boat System Starting...
[Fri Jul  3 11:23:35 AM +0330 2026] Flask started
[Fri Jul  3 11:23:35 AM +0330 2026] Streamlit started
[Fri Jul  3 11:23:35 AM +0330 2026] Main Pi Code started
[Fri Jul  3 11:23:35 AM +0330 2026] All services started successfully
[2026-07-03 11:23:41] AI Boat System Starting...
[Fri Jul  3 11:23:44 AM +0330 2026] Flask started
[Fri Jul  3 11:23:44 AM +0330 2026] Streamlit started
[Fri Jul  3 11:23:44 AM +0330 2026] Main Pi Code started
[Fri Jul  3 11:23:44 AM +0330 2026] All services started successfully
[2026-07-03 11:23:49] AI Boat System Starting...
[Fri Jul  3 11:23:52 AM +0330 2026] Flask started
[Fri Jul  3 11:23:52 AM +0330 2026] Streamlit started
[Fri Jul  3 11:23:52 AM +0330 2026] Main Pi Code started
[Fri Jul  3 11:23:52 AM +0330 2026] All services started successfully
[2026-07-03 11:23:57] AI Boat System Starting...
[Fri Jul  3 11:24:00 AM +0330 2026] Flask started
[Fri Jul  3 11:24:00 AM +0330 2026] Streamlit started
[Fri Jul  3 11:24:00 AM +0330 2026] Main Pi Code started
[Fri Jul  3 11:24:00 AM +0330 2026] All services started successfully
[2026-07-03 11:24:05] AI Boat System Starting...
[Fri Jul  3 11:24:08 AM +0330 2026] Flask started
[Fri Jul  3 11:24:08 AM +0330 2026] Streamlit started
[Fri Jul  3 11:24:08 AM +0330 2026] Main Pi Code started
[Fri Jul  3 11:24:08 AM +0330 2026] All services started successfully
[2026-07-03 11:24:14] AI Boat System Starting...
[Fri Jul  3 11:24:17 AM +0330 2026] Flask started
[Fri Jul  3 11:24:17 AM +0330 2026] Streamlit started
[Fri Jul  3 11:24:17 AM +0330 2026] Main Pi Code started
[Fri Jul  3 11:24:17 AM +0330 2026] All services started successfully
[2026-07-03 11:24:22] AI Boat System Starting...
[Fri Jul  3 11:24:25 AM +0330 2026] Flask started
[Fri Jul  3 11:24:25 AM +0330 2026] Streamlit started
[Fri Jul  3 11:24:25 AM +0330 2026] Main Pi Code started
[Fri Jul  3 11:24:25 AM +0330 2026] All services started successfully
[2026-07-03 11:24:30] AI Boat System Starting...
[Fri Jul  3 11:24:33 AM +0330 2026] Flask started
[Fri Jul  3 11:24:33 AM +0330 2026] Streamlit started
[Fri Jul  3 11:24:33 AM +0330 2026] Main Pi Code started
[Fri Jul  3 11:24:33 AM +0330 2026] All services started successfully
[2026-07-03 11:24:38] AI Boat System Starting...
[Fri Jul  3 11:24:41 AM +0330 2026] Flask started
[Fri Jul  3 11:24:41 AM +0330 2026] Streamlit started
[Fri Jul  3 11:24:41 AM +0330 2026] Main Pi Code started
[Fri Jul  3 11:24:41 AM +0330 2026] All services started successfully
[2026-07-03 11:24:47] AI Boat System Starting...
[Fri Jul  3 11:24:50 AM +0330 2026] Flask started
[Fri Jul  3 11:24:50 AM +0330 2026] Streamlit started
[Fri Jul  3 11:24:50 AM +0330 2026] Main Pi Code started
[Fri Jul  3 11:24:50 AM +0330 2026] All services started successfully
[2026-07-03 11:24:55] AI Boat System Starting...
[Fri Jul  3 11:24:58 AM +0330 2026] Flask started
[Fri Jul  3 11:24:58 AM +0330 2026] Streamlit started
[Fri Jul  3 11:24:58 AM +0330 2026] Main Pi Code started
[Fri Jul  3 11:24:58 AM +0330 2026] All services started successfully
[2026-07-03 11:25:03] AI Boat System Starting...
[Fri Jul  3 11:25:06 AM +0330 2026] Flask started
[Fri Jul  3 11:25:06 AM +0330 2026] Streamlit started
[Fri Jul  3 11:25:06 AM +0330 2026] Main Pi Code started
[Fri Jul  3 11:25:06 AM +0330 2026] All services started successfully
[2026-07-03 11:25:11] AI Boat System Starting...
[Fri Jul  3 11:25:14 AM +0330 2026] Flask started
[Fri Jul  3 11:25:14 AM +0330 2026] Streamlit started
[Fri Jul  3 11:25:14 AM +0330 2026] Main Pi Code started
[Fri Jul  3 11:25:14 AM +0330 2026] All services started successfully
[2026-07-03 11:25:20] AI Boat System Starting...
[Fri Jul  3 11:25:23 AM +0330 2026] Flask started
[Fri Jul  3 11:25:23 AM +0330 2026] Streamlit started
[Fri Jul  3 11:25:23 AM +0330 2026] Main Pi Code started
[Fri Jul  3 11:25:23 AM +0330 2026] All services started successfully
[2026-07-03 11:25:28] AI Boat System Starting...
[Fri Jul  3 11:25:31 AM +0330 2026] Flask started
[Fri Jul  3 11:25:31 AM +0330 2026] Streamlit started
[Fri Jul  3 11:25:31 AM +0330 2026] Main Pi Code started
[Fri Jul  3 11:25:31 AM +0330 2026] All services started successfully
[2026-07-03 11:25:36] AI Boat System Starting...
[Fri Jul  3 11:25:39 AM +0330 2026] Flask started
[Fri Jul  3 11:25:39 AM +0330 2026] Streamlit started
[Fri Jul  3 11:25:39 AM +0330 2026] Main Pi Code started
[Fri Jul  3 11:25:39 AM +0330 2026] All services started successfully
[2026-07-03 11:25:44] AI Boat System Starting...
[Fri Jul  3 11:25:47 AM +0330 2026] Flask started
[Fri Jul  3 11:25:47 AM +0330 2026] Streamlit started
[Fri Jul  3 11:25:47 AM +0330 2026] Main Pi Code started
[Fri Jul  3 11:25:47 AM +0330 2026] All services started successfully
[2026-07-03 11:25:53] AI Boat System Starting...
[Fri Jul  3 11:25:56 AM +0330 2026] Flask started
[Fri Jul  3 11:25:56 AM +0330 2026] Streamlit started
[Fri Jul  3 11:25:56 AM +0330 2026] Main Pi Code started
[Fri Jul  3 11:25:56 AM +0330 2026] All services started successfully
[2026-07-03 11:26:01] AI Boat System Starting...
[Fri Jul  3 11:26:04 AM +0330 2026] Flask started
[Fri Jul  3 11:26:04 AM +0330 2026] Streamlit started
[Fri Jul  3 11:26:04 AM +0330 2026] Main Pi Code started
[Fri Jul  3 11:26:04 AM +0330 2026] All services started successfully
[2026-07-03 11:26:09] AI Boat System Starting...
[Fri Jul  3 11:26:12 AM +0330 2026] Flask started
[Fri Jul  3 11:26:12 AM +0330 2026] Streamlit started
[Fri Jul  3 11:26:12 AM +0330 2026] Main Pi Code started
[Fri Jul  3 11:26:12 AM +0330 2026] All services started successfully
[2026-07-03 11:26:17] AI Boat System Starting...
[Fri Jul  3 11:26:20 AM +0330 2026] Flask started
[Fri Jul  3 11:26:20 AM +0330 2026] Streamlit started
[Fri Jul  3 11:26:20 AM +0330 2026] Main Pi Code started
[Fri Jul  3 11:26:20 AM +0330 2026] All services started successfully
[2026-07-03 11:26:26] AI Boat System Starting...
[Fri Jul  3 11:26:29 AM +0330 2026] Flask started
[Fri Jul  3 11:26:29 AM +0330 2026] Streamlit started
[Fri Jul  3 11:26:29 AM +0330 2026] Main Pi Code started
[Fri Jul  3 11:26:29 AM +0330 2026] All services started successfully
[2026-07-03 11:26:34] AI Boat System Starting...
[Fri Jul  3 11:26:37 AM +0330 2026] Flask started
[Fri Jul  3 11:26:37 AM +0330 2026] Streamlit started
[Fri Jul  3 11:26:37 AM +0330 2026] Main Pi Code started
[Fri Jul  3 11:26:37 AM +0330 2026] All services started successfully
[2026-07-03 11:26:42] AI Boat System Starting...
[Fri Jul  3 11:26:45 AM +0330 2026] Flask started
[Fri Jul  3 11:26:45 AM +0330 2026] Streamlit started
[Fri Jul  3 11:26:45 AM +0330 2026] Main Pi Code started
[Fri Jul  3 11:26:45 AM +0330 2026] All services started successfully
[2026-07-03 11:26:50] AI Boat System Starting...
[Fri Jul  3 11:26:53 AM +0330 2026] Flask started
[Fri Jul  3 11:26:53 AM +0330 2026] Streamlit started
[Fri Jul  3 11:26:53 AM +0330 2026] Main Pi Code started
[Fri Jul  3 11:26:53 AM +0330 2026] All services started successfully
[2026-07-03 11:26:59] AI Boat System Starting...
[Fri Jul  3 11:27:02 AM +0330 2026] Flask started
[Fri Jul  3 11:27:02 AM +0330 2026] Streamlit started
[Fri Jul  3 11:27:02 AM +0330 2026] Main Pi Code started
[Fri Jul  3 11:27:02 AM +0330 2026] All services started successfully
[2026-07-03 11:27:07] AI Boat System Starting...
[Fri Jul  3 11:27:10 AM +0330 2026] Flask started
[Fri Jul  3 11:27:10 AM +0330 2026] Streamlit started
[Fri Jul  3 11:27:10 AM +0330 2026] Main Pi Code started
[Fri Jul  3 11:27:10 AM +0330 2026] All services started successfully
[2026-07-03 11:27:15] AI Boat System Starting...
[Fri Jul  3 11:27:18 AM +0330 2026] Flask started
[Fri Jul  3 11:27:18 AM +0330 2026] Streamlit started
[Fri Jul  3 11:27:18 AM +0330 2026] Main Pi Code started
[Fri Jul  3 11:27:18 AM +0330 2026] All services started successfully
[2026-07-03 11:27:23] AI Boat System Starting...
[Fri Jul  3 11:27:26 AM +0330 2026] Flask started
[Fri Jul  3 11:27:26 AM +0330 2026] Streamlit started
[Fri Jul  3 11:27:26 AM +0330 2026] Main Pi Code started
[Fri Jul  3 11:27:26 AM +0330 2026] All services started successfully
[2026-07-03 11:27:32] AI Boat System Starting...
[Fri Jul  3 11:27:35 AM +0330 2026] Flask started
[Fri Jul  3 11:27:35 AM +0330 2026] Streamlit started
[Fri Jul  3 11:27:35 AM +0330 2026] Main Pi Code started
[Fri Jul  3 11:27:35 AM +0330 2026] All services started successfully
[2026-07-03 11:27:40] AI Boat System Starting...
[Fri Jul  3 11:27:43 AM +0330 2026] Flask started
[Fri Jul  3 11:27:43 AM +0330 2026] Streamlit started
[Fri Jul  3 11:27:43 AM +0330 2026] Main Pi Code started
[Fri Jul  3 11:27:43 AM +0330 2026] All services started successfully
[2026-07-03 11:27:48] AI Boat System Starting...
[Fri Jul  3 11:27:51 AM +0330 2026] Flask started
[Fri Jul  3 11:27:51 AM +0330 2026] Streamlit started
[Fri Jul  3 11:27:51 AM +0330 2026] Main Pi Code started
[Fri Jul  3 11:27:51 AM +0330 2026] All services started successfully
[2026-07-03 11:27:56] AI Boat System Starting...
[2026-07-03 11:27:59] All services started successfully
[2026-07-03 11:28:12] AI Boat System Starting...
[2026-07-03 11:28:15] All services started successfully
[2026-07-03 11:30:19] AI Boat System Starting...
[2026-07-03 11:30:23] All services started successfully
[2026-07-03 14:16:53] AI Boat System Starting...
[2026-07-03 14:16:56] All services started successfully
[2026-07-03 14:30:35] AI Boat System Starting...
[2026-07-03 14:30:38] All services started successfully
[2026-07-03 14:32:08] AI Boat System Starting...
[2026-07-03 14:32:11] All services started successfully
[2026-07-03 14:34:08] AI Boat System Starting...
[2026-07-03 14:34:11] All services started successfully
[2026-07-03 14:35:14] AI Boat System Starting...
[2026-07-03 14:35:17] All services started successfully
[2026-07-03 14:35:46] AI Boat System Starting...
[2026-07-03 14:35:49] All services started successfully
[2026-07-03 14:36:30] AI Boat System Starting...
[2026-07-03 14:36:33] All services started successfully
[2026-07-03 14:45:22] AI Boat System Starting...
[2026-07-03 14:45:25] All services started successfully
[2026-07-03 14:48:33] AI Boat System Starting...
[2026-07-03 14:48:36] All services started successfully
[2026-07-03 14:49:45] AI Boat System Starting...
[2026-07-03 14:49:48] All services started successfully
[2026-07-03 14:52:49] AI Boat System Starting...
[2026-07-03 14:52:52] All services started successfully
[2026-07-03 15:13:30] AI Boat System Starting...
[2026-07-03 15:13:33] All services started successfully
[2026-07-03 15:19:30] AI Boat System Starting...
[2026-07-03 15:19:33] All services started successfully
[2026-07-03 15:23:27] AI Boat System Starting...
[2026-07-03 15:23:31] All services started successfully
[2026-07-03 15:51:09] AI Boat System Starting...
[2026-07-03 15:51:12] All services started successfully
[2026-07-03 15:54:25] AI Boat System Starting...
[2026-07-03 15:54:28] All services started successfully
[2026-07-03 15:58:33] AI Boat System Starting...
[2026-07-03 15:58:37] All services started successfully
[2026-07-03 16:18:12] AI Boat System Starting...
[2026-07-03 16:18:15] All services started successfully
[2026-07-03 16:30:27] AI Boat System Starting...
[2026-07-03 16:30:30] All services started successfully
[2026-07-03 16:37:53] AI Boat System Starting...
[2026-07-03 16:37:57] All services started successfully
[2026-07-05 08:21:15] AI Boat System Starting...
[2026-07-05 08:21:18] All services started successfully
[2026-07-05 08:22:46] AI Boat System Starting...
[2026-07-05 08:22:49] All services started successfully
[2026-07-05 08:48:21] AI Boat System Starting...
[2026-07-05 08:48:24] All services started successfully
[2026-07-05 08:58:05] AI Boat System Starting...
[2026-07-05 08:58:09] All services started successfully
[2026-07-05 09:52:56] AI Boat System Starting...
[2026-07-05 09:53:00] All services started successfully
[2026-07-05 11:19:05] AI Boat System Starting...
[2026-07-05 11:19:09] All services started successfully
[2026-07-05 14:27:13] AI Boat System Starting...
[2026-07-05 14:27:16] All services started successfully
[2026-07-05 14:28:32] AI Boat System Starting...
[2026-07-05 14:28:35] All services started successfully
[2026-07-05 14:29:34] AI Boat System Starting...
[2026-07-05 14:29:37] All services started successfully
[2026-07-05 14:39:50] AI Boat System Starting...
[2026-07-05 14:39:54] All services started successfully
